[M::bwa_idx_load_from_disk] read 0 ALT contigs
[M::process] read 552822 sequences (40000124 bp)...
[M::process] read 553426 sequences (40000077 bp)...
[M::mem_pestat] # candidate unique pairs for (FF, FR, RF, RR): (3, 23637, 8, 1)
[M::mem_pestat] skip orientation FF as there are not enough pairs
[M::mem_pestat] analyzing insert size distribution for orientation FR...
[M::mem_pestat] (25, 50, 75) percentile: (115, 153, 203)
[M::mem_pestat] low and high boundaries for computing mean and std.dev: (1, 379)
[M::mem_pestat] mean and std.dev: (162.17, 62.41)
[M::mem_pestat] low and high boundaries for proper pairs: (1, 467)
[M::mem_pestat] skip orientation RF as there are not enough pairs
[M::mem_pestat] skip orientation RR as there are not enough pairs
[M::mem_process_seqs] Processed 552822 reads in 215.810 CPU sec, 53.452 real sec
[M::process] read 553552 sequences (40000042 bp)...
[M::mem_pestat] # candidate unique pairs for (FF, FR, RF, RR): (3, 23534, 7, 1)
[M::mem_pestat] skip orientation FF as there are not enough pairs
[M::mem_pestat] analyzing insert size distribution for orientation FR...
[M::mem_pestat] (25, 50, 75) percentile: (116, 154, 205)
[M::mem_pestat] low and high boundaries for computing mean and std.dev: (1, 383)
[M::mem_pestat] mean and std.dev: (163.72, 64.11)
[M::mem_pestat] low and high boundaries for proper pairs: (1, 472)
[M::mem_pestat] skip orientation RF as there are not enough pairs
[M::mem_pestat] skip orientation RR as there are not enough pairs
[M::mem_process_seqs] Processed 553426 reads in 177.251 CPU sec, 43.644 real sec
[M::process] read 554410 sequences (40000059 bp)...
[M::mem_pestat] # candidate unique pairs for (FF, FR, RF, RR): (1, 23562, 5, 3)
[M::mem_pestat] skip orientation FF as there are not enough pairs
[M::mem_pestat] analyzing insert size distribution for orientation FR...
[M::mem_pestat] (25, 50, 75) percentile: (116, 154, 204)
[M::mem_pestat] low and high boundaries for computing mean and std.dev: (1, 380)
[M::mem_pestat] mean and std.dev: (163.42, 63.73)
[M::mem_pestat] low and high boundaries for proper pairs: (1, 468)
[M::mem_pestat] skip orientation RF as there are not enough pairs
[M::mem_pestat] skip orientation RR as there are not enough pairs
[M::mem_process_seqs] Processed 553552 reads in 181.212 CPU sec, 44.868 real sec
[M::process] read 553780 sequences (40000130 bp)...
[M::mem_pestat] # candidate unique pairs for (FF, FR, RF, RR): (2, 23642, 3, 1)
[M::mem_pestat] skip orientation FF as there are not enough pairs
[M::mem_pestat] analyzing insert size distribution for orientation FR...
[M::mem_pestat] (25, 50, 75) percentile: (115, 152, 204)
[M::mem_pestat] low and high boundaries for computing mean and std.dev: (1, 382)
[M::mem_pestat] mean and std.dev: (162.80, 63.93)
[M::mem_pestat] low and high boundaries for proper pairs: (1, 471)
[M::mem_pestat] skip orientation RF as there are not enough pairs
[M::mem_pestat] skip orientation RR as there are not enough pairs
[M::mem_process_seqs] Processed 554410 reads in 180.697 CPU sec, 44.614 real sec
[M::process] read 552610 sequences (40000055 bp)...
[M::mem_pestat] # candidate unique pairs for (FF, FR, RF, RR): (1, 23703, 5, 2)
[M::mem_pestat] skip orientation FF as there are not enough pairs
[M::mem_pestat] analyzing insert size distribution for orientation FR...
[M::mem_pestat] (25, 50, 75) percentile: (116, 154, 206)
[M::mem_pestat] low and high boundaries for computing mean and std.dev: (1, 386)
[M::mem_pestat] mean and std.dev: (164.30, 65.20)
[M::mem_pestat] low and high boundaries for proper pairs: (1, 476)
[M::mem_pestat] skip orientation RF as there are not enough pairs
[M::mem_pestat] skip orientation RR as there are not enough pairs
[M::mem_process_seqs] Processed 553780 reads in 176.891 CPU sec, 43.266 real sec
[M::process] read 552790 sequences (40000099 bp)...
[M::mem_pestat] # candidate unique pairs for (FF, FR, RF, RR): (4, 23534, 3, 2)
[M::mem_pestat] skip orientation FF as there are not enough pairs
[M::mem_pestat] analyzing insert size distribution for orientation FR...
[M::mem_pestat] (25, 50, 75) percentile: (116, 154, 204)
[M::mem_pestat] low and high boundaries for computing mean and std.dev: (1, 380)
[M::mem_pestat] mean and std.dev: (163.83, 64.02)
[M::mem_pestat] low and high boundaries for proper pairs: (1, 468)
[M::mem_pestat] skip orientation RF as there are not enough pairs
[M::mem_pestat] skip orientation RR as there are not enough pairs
[M::mem_process_seqs] Processed 552610 reads in 182.429 CPU sec, 45.096 real sec
[M::process] read 552176 sequences (40000029 bp)...
[M::mem_pestat] # candidate unique pairs for (FF, FR, RF, RR): (2, 23711, 7, 1)
[M::mem_pestat] skip orientation FF as there are not enough pairs
[M::mem_pestat] analyzing insert size distribution for orientation FR...
[M::mem_pestat] (25, 50, 75) percentile: (116, 154, 206)
[M::mem_pestat] low and high boundaries for computing mean and std.dev: (1, 386)
[M::mem_pestat] mean and std.dev: (164.83, 65.14)
[M::mem_pestat] low and high boundaries for proper pairs: (1, 476)
[M::mem_pestat] skip orientation RF as there are not enough pairs
[M::mem_pestat] skip orientation RR as there are not enough pairs
[M::mem_process_seqs] Processed 552790 reads in 184.360 CPU sec, 45.143 real sec
[M::process] read 552620 sequences (40000085 bp)...
[M::mem_pestat] # candidate unique pairs for (FF, FR, RF, RR): (0, 23700, 7, 3)
[M::mem_pestat] skip orientation FF as there are not enough pairs
[M::mem_pestat] analyzing insert size distribution for orientation FR...
[M::mem_pestat] (25, 50, 75) percentile: (115, 154, 205)
[M::mem_pestat] low and high boundaries for computing mean and std.dev: (1, 385)
[M::mem_pestat] mean and std.dev: (163.97, 65.04)
[M::mem_pestat] low and high boundaries for proper pairs: (1, 475)
[M::mem_pestat] skip orientation RF as there are not enough pairs
[M::mem_pestat] skip orientation RR as there are not enough pairs
[M::mem_process_seqs] Processed 552176 reads in 190.211 CPU sec, 47.523 real sec
[M::process] read 552556 sequences (40000095 bp)...
[M::mem_pestat] # candidate unique pairs for (FF, FR, RF, RR): (0, 23679, 7, 2)
[M::mem_pestat] skip orientation FF as there are not enough pairs
[M::mem_pestat] analyzing insert size distribution for orientation FR...
[M::mem_pestat] (25, 50, 75) percentile: (116, 154, 207)
[M::mem_pestat] low and high boundaries for computing mean and std.dev: (1, 389)
[M::mem_pestat] mean and std.dev: (164.87, 65.19)
[M::mem_pestat] low and high boundaries for proper pairs: (1, 480)
[M::mem_pestat] skip orientation RF as there are not enough pairs
[M::mem_pestat] skip orientation RR as there are not enough pairs
[M::mem_process_seqs] Processed 552620 reads in 174.747 CPU sec, 42.682 real sec
[M::process] read 553128 sequences (40000071 bp)...
[M::mem_pestat] # candidate unique pairs for (FF, FR, RF, RR): (4, 23625, 7, 0)
[M::mem_pestat] skip orientation FF as there are not enough pairs
[M::mem_pestat] analyzing insert size distribution for orientation FR...
[M::mem_pestat] (25, 50, 75) percentile: (117, 155, 207)
[M::mem_pestat] low and high boundaries for computing mean and std.dev: (1, 387)
[M::mem_pestat] mean and std.dev: (165.20, 65.23)
[M::mem_pestat] low and high boundaries for proper pairs: (1, 477)
[M::mem_pestat] skip orientation RF as there are not enough pairs
[M::mem_pestat] skip orientation RR as there are not enough pairs
[M::mem_process_seqs] Processed 552556 reads in 173.665 CPU sec, 43.160 real sec
[M::process] read 553694 sequences (40000042 bp)...
[M::mem_pestat] # candidate unique pairs for (FF, FR, RF, RR): (5, 23176, 5, 3)
[M::mem_pestat] skip orientation FF as there are not enough pairs
[M::mem_pestat] analyzing insert size distribution for orientation FR...
[M::mem_pestat] (25, 50, 75) percentile: (117, 157, 209)
[M::mem_pestat] low and high boundaries for computing mean and std.dev: (1, 393)
[M::mem_pestat] mean and std.dev: (166.35, 66.44)
[M::mem_pestat] low and high boundaries for proper pairs: (1, 485)
[M::mem_pestat] skip orientation RF as there are not enough pairs
[M::mem_pestat] skip orientation RR as there are not enough pairs
[M::mem_process_seqs] Processed 553128 reads in 184.702 CPU sec, 45.698 real sec
[M::process] read 553220 sequences (40000026 bp)...
[M::mem_pestat] # candidate unique pairs for (FF, FR, RF, RR): (2, 23755, 2, 1)
[M::mem_pestat] skip orientation FF as there are not enough pairs
[M::mem_pestat] analyzing insert size distribution for orientation FR...
[M::mem_pestat] (25, 50, 75) percentile: (116, 155, 207)
[M::mem_pestat] low and high boundaries for computing mean and std.dev: (1, 389)
[M::mem_pestat] mean and std.dev: (164.79, 65.67)
[M::mem_pestat] low and high boundaries for proper pairs: (1, 480)
[M::mem_pestat] skip orientation RF as there are not enough pairs
[M::mem_pestat] skip orientation RR as there are not enough pairs
[M::mem_process_seqs] Processed 553694 reads in 187.925 CPU sec, 46.260 real sec
[M::process] read 553604 sequences (40000132 bp)...
[M::mem_pestat] # candidate unique pairs for (FF, FR, RF, RR): (2, 23507, 4, 3)
[M::mem_pestat] skip orientation FF as there are not enough pairs
[M::mem_pestat] analyzing insert size distribution for orientation FR...
[M::mem_pestat] (25, 50, 75) percentile: (116, 155, 206)
[M::mem_pestat] low and high boundaries for computing mean and std.dev: (1, 386)
[M::mem_pestat] mean and std.dev: (164.87, 64.83)
[M::mem_pestat] low and high boundaries for proper pairs: (1, 476)
[M::mem_pestat] skip orientation RF as there are not enough pairs
[M::mem_pestat] skip orientation RR as there are not enough pairs
[M::mem_process_seqs] Processed 553220 reads in 191.417 CPU sec, 47.404 real sec
[M::process] read 552366 sequences (40000003 bp)...
[M::mem_pestat] # candidate unique pairs for (FF, FR, RF, RR): (2, 23079, 6, 1)
[M::mem_pestat] skip orientation FF as there are not enough pairs
[M::mem_pestat] analyzing insert size distribution for orientation FR...
[M::mem_pestat] (25, 50, 75) percentile: (117, 155, 207)
[M::mem_pestat] low and high boundaries for computing mean and std.dev: (1, 387)
[M::mem_pestat] mean and std.dev: (165.29, 65.40)
[M::mem_pestat] low and high boundaries for proper pairs: (1, 477)
[M::mem_pestat] skip orientation RF as there are not enough pairs
[M::mem_pestat] skip orientation RR as there are not enough pairs
[M::mem_process_seqs] Processed 553604 reads in 187.909 CPU sec, 46.350 real sec
[M::process] read 551288 sequences (40000003 bp)...
[M::mem_pestat] # candidate unique pairs for (FF, FR, RF, RR): (4, 23683, 7, 3)
[M::mem_pestat] skip orientation FF as there are not enough pairs
[M::mem_pestat] analyzing insert size distribution for orientation FR...
[M::mem_pestat] (25, 50, 75) percentile: (116, 155, 206)
[M::mem_pestat] low and high boundaries for computing mean and std.dev: (1, 386)
[M::mem_pestat] mean and std.dev: (164.71, 65.35)
[M::mem_pestat] low and high boundaries for proper pairs: (1, 476)
[M::mem_pestat] skip orientation RF as there are not enough pairs
[M::mem_pestat] skip orientation RR as there are not enough pairs
[M::mem_process_seqs] Processed 552366 reads in 180.673 CPU sec, 44.771 real sec
[M::process] read 551362 sequences (40000103 bp)...
[M::mem_pestat] # candidate unique pairs for (FF, FR, RF, RR): (1, 23540, 7, 2)
[M::mem_pestat] skip orientation FF as there are not enough pairs
[M::mem_pestat] analyzing insert size distribution for orientation FR...
[M::mem_pestat] (25, 50, 75) percentile: (117, 155, 207)
[M::mem_pestat] low and high boundaries for computing mean and std.dev: (1, 387)
[M::mem_pestat] mean and std.dev: (165.31, 65.29)
[M::mem_pestat] low and high boundaries for proper pairs: (1, 477)
[M::mem_pestat] skip orientation RF as there are not enough pairs
[M::mem_pestat] skip orientation RR as there are not enough pairs
[M::mem_process_seqs] Processed 551288 reads in 171.450 CPU sec, 41.990 real sec
[M::process] read 551614 sequences (40000131 bp)...
[M::mem_pestat] # candidate unique pairs for (FF, FR, RF, RR): (1, 23374, 9, 2)
[M::mem_pestat] skip orientation FF as there are not enough pairs
[M::mem_pestat] analyzing insert size distribution for orientation FR...
[M::mem_pestat] (25, 50, 75) percentile: (116, 155, 207)
[M::mem_pestat] low and high boundaries for computing mean and std.dev: (1, 389)
[M::mem_pestat] mean and std.dev: (165.43, 65.43)
[M::mem_pestat] low and high boundaries for proper pairs: (1, 480)
[M::mem_pestat] skip orientation RF as there are not enough pairs
[M::mem_pestat] skip orientation RR as there are not enough pairs
[M::mem_process_seqs] Processed 551362 reads in 161.643 CPU sec, 40.103 real sec
[M::process] read 551422 sequences (40000048 bp)...
[M::mem_pestat] # candidate unique pairs for (FF, FR, RF, RR): (4, 23631, 5, 3)
[M::mem_pestat] skip orientation FF as there are not enough pairs
[M::mem_pestat] analyzing insert size distribution for orientation FR...
[M::mem_pestat] (25, 50, 75) percentile: (116, 155, 208)
[M::mem_pestat] low and high boundaries for computing mean and std.dev: (1, 392)
[M::mem_pestat] mean and std.dev: (165.78, 66.10)
[M::mem_pestat] low and high boundaries for proper pairs: (1, 484)
[M::mem_pestat] skip orientation RF as there are not enough pairs
[M::mem_pestat] skip orientation RR as there are not enough pairs
[M::mem_process_seqs] Processed 551614 reads in 163.604 CPU sec, 40.493 real sec
[M::process] read 551074 sequences (40000072 bp)...
[M::mem_pestat] # candidate unique pairs for (FF, FR, RF, RR): (1, 23442, 10, 3)
[M::mem_pestat] skip orientation FF as there are not enough pairs
[M::mem_pestat] analyzing insert size distribution for orientation FR...
[M::mem_pestat] (25, 50, 75) percentile: (116, 154, 207)
[M::mem_pestat] low and high boundaries for computing mean and std.dev: (1, 389)
[M::mem_pestat] mean and std.dev: (164.74, 65.81)
[M::mem_pestat] low and high boundaries for proper pairs: (1, 480)
[M::mem_pestat] analyzing insert size distribution for orientation RF...
[M::mem_pestat] (25, 50, 75) percentile: (40, 1617, 2684)
[M::mem_pestat] low and high boundaries for computing mean and std.dev: (1, 7972)
[M::mem_pestat] mean and std.dev: (1537.20, 1320.73)
[M::mem_pestat] low and high boundaries for proper pairs: (1, 10616)
[M::mem_pestat] skip orientation RR as there are not enough pairs
[M::mem_pestat] skip orientation RF
[M::mem_process_seqs] Processed 551422 reads in 174.066 CPU sec, 43.290 real sec
[M::process] read 550534 sequences (40000060 bp)...
[M::mem_pestat] # candidate unique pairs for (FF, FR, RF, RR): (2, 23574, 7, 3)
[M::mem_pestat] skip orientation FF as there are not enough pairs
[M::mem_pestat] analyzing insert size distribution for orientation FR...
[M::mem_pestat] (25, 50, 75) percentile: (116, 155, 208)
[M::mem_pestat] low and high boundaries for computing mean and std.dev: (1, 392)
[M::mem_pestat] mean and std.dev: (165.57, 66.44)
[M::mem_pestat] low and high boundaries for proper pairs: (1, 484)
[M::mem_pestat] skip orientation RF as there are not enough pairs
[M::mem_pestat] skip orientation RR as there are not enough pairs
[M::mem_process_seqs] Processed 551074 reads in 183.565 CPU sec, 44.987 real sec
[M::process] read 550018 sequences (40000029 bp)...
[M::mem_pestat] # candidate unique pairs for (FF, FR, RF, RR): (2, 23360, 8, 1)
[M::mem_pestat] skip orientation FF as there are not enough pairs
[M::mem_pestat] analyzing insert size distribution for orientation FR...
[M::mem_pestat] (25, 50, 75) percentile: (116, 154, 206)
[M::mem_pestat] low and high boundaries for computing mean and std.dev: (1, 386)
[M::mem_pestat] mean and std.dev: (164.56, 65.56)
[M::mem_pestat] low and high boundaries for proper pairs: (1, 476)
[M::mem_pestat] skip orientation RF as there are not enough pairs
[M::mem_pestat] skip orientation RR as there are not enough pairs
[M::mem_process_seqs] Processed 550534 reads in 180.328 CPU sec, 44.648 real sec
[M::process] read 549898 sequences (40000028 bp)...
[M::mem_pestat] # candidate unique pairs for (FF, FR, RF, RR): (0, 23282, 6, 1)
[M::mem_pestat] skip orientation FF as there are not enough pairs
[M::mem_pestat] analyzing insert size distribution for orientation FR...
[M::mem_pestat] (25, 50, 75) percentile: (116, 155, 206)
[M::mem_pestat] low and high boundaries for computing mean and std.dev: (1, 386)
[M::mem_pestat] mean and std.dev: (164.64, 65.56)
[M::mem_pestat] low and high boundaries for proper pairs: (1, 476)
[M::mem_pestat] skip orientation RF as there are not enough pairs
[M::mem_pestat] skip orientation RR as there are not enough pairs
[M::mem_process_seqs] Processed 550018 reads in 173.315 CPU sec, 42.488 real sec
[M::process] read 550092 sequences (40000100 bp)...
[M::mem_pestat] # candidate unique pairs for (FF, FR, RF, RR): (3, 23530, 4, 0)
[M::mem_pestat] skip orientation FF as there are not enough pairs
[M::mem_pestat] analyzing insert size distribution for orientation FR...
[M::mem_pestat] (25, 50, 75) percentile: (115, 154, 206)
[M::mem_pestat] low and high boundaries for computing mean and std.dev: (1, 388)
[M::mem_pestat] mean and std.dev: (164.02, 65.30)
[M::mem_pestat] low and high boundaries for proper pairs: (1, 479)
[M::mem_pestat] skip orientation RF as there are not enough pairs
[M::mem_pestat] skip orientation RR as there are not enough pairs
[M::mem_process_seqs] Processed 549898 reads in 158.881 CPU sec, 39.412 real sec
[M::process] read 549444 sequences (40000014 bp)...
[M::mem_pestat] # candidate unique pairs for (FF, FR, RF, RR): (2, 23665, 11, 1)
[M::mem_pestat] skip orientation FF as there are not enough pairs
[M::mem_pestat] analyzing insert size distribution for orientation FR...
[M::mem_pestat] (25, 50, 75) percentile: (115, 154, 206)
[M::mem_pestat] low and high boundaries for computing mean and std.dev: (1, 388)
[M::mem_pestat] mean and std.dev: (164.13, 65.38)
[M::mem_pestat] low and high boundaries for proper pairs: (1, 479)
[M::mem_pestat] analyzing insert size distribution for orientation RF...
[M::mem_pestat] (25, 50, 75) percentile: (79, 618, 2638)
[M::mem_pestat] low and high boundaries for computing mean and std.dev: (1, 7756)
[M::mem_pestat] mean and std.dev: (1452.45, 1534.79)
[M::mem_pestat] low and high boundaries for proper pairs: (1, 10315)
[M::mem_pestat] skip orientation RR as there are not enough pairs
[M::mem_pestat] skip orientation RF
[M::mem_process_seqs] Processed 550092 reads in 169.486 CPU sec, 42.083 real sec
[M::process] read 548808 sequences (40000075 bp)...
[M::mem_pestat] # candidate unique pairs for (FF, FR, RF, RR): (5, 23422, 12, 1)
[M::mem_pestat] skip orientation FF as there are not enough pairs
[M::mem_pestat] analyzing insert size distribution for orientation FR...
[M::mem_pestat] (25, 50, 75) percentile: (115, 154, 206)
[M::mem_pestat] low and high boundaries for computing mean and std.dev: (1, 388)
[M::mem_pestat] mean and std.dev: (164.52, 65.43)
[M::mem_pestat] low and high boundaries for proper pairs: (1, 479)
[M::mem_pestat] analyzing insert size distribution for orientation RF...
[M::mem_pestat] (25, 50, 75) percentile: (16, 831, 2038)
[M::mem_pestat] low and high boundaries for computing mean and std.dev: (1, 6082)
[M::mem_pestat] mean and std.dev: (1292.50, 1633.75)
[M::mem_pestat] low and high boundaries for proper pairs: (1, 8104)
[M::mem_pestat] skip orientation RR as there are not enough pairs
[M::mem_pestat] skip orientation RF
[M::mem_process_seqs] Processed 549444 reads in 220.599 CPU sec, 54.376 real sec
[M::process] read 549020 sequences (40000035 bp)...
[M::mem_pestat] # candidate unique pairs for (FF, FR, RF, RR): (1, 23379, 10, 2)
[M::mem_pestat] skip orientation FF as there are not enough pairs
[M::mem_pestat] analyzing insert size distribution for orientation FR...
[M::mem_pestat] (25, 50, 75) percentile: (115, 153, 205)
[M::mem_pestat] low and high boundaries for computing mean and std.dev: (1, 385)
[M::mem_pestat] mean and std.dev: (163.32, 65.22)
[M::mem_pestat] low and high boundaries for proper pairs: (1, 475)
[M::mem_pestat] analyzing insert size distribution for orientation RF...
[M::mem_pestat] (25, 50, 75) percentile: (9, 1959, 2294)
[M::mem_pestat] low and high boundaries for computing mean and std.dev: (1, 6864)
[M::mem_pestat] mean and std.dev: (1278.60, 1217.99)
[M::mem_pestat] low and high boundaries for proper pairs: (1, 9149)
[M::mem_pestat] skip orientation RR as there are not enough pairs
[M::mem_pestat] skip orientation RF
[M::mem_process_seqs] Processed 548808 reads in 210.111 CPU sec, 52.638 real sec
[M::process] read 549192 sequences (40000149 bp)...
[M::mem_pestat] # candidate unique pairs for (FF, FR, RF, RR): (4, 23100, 11, 1)
[M::mem_pestat] skip orientation FF as there are not enough pairs
[M::mem_pestat] analyzing insert size distribution for orientation FR...
[M::mem_pestat] (25, 50, 75) percentile: (116, 155, 207)
[M::mem_pestat] low and high boundaries for computing mean and std.dev: (1, 389)
[M::mem_pestat] mean and std.dev: (164.58, 66.06)
[M::mem_pestat] low and high boundaries for proper pairs: (1, 480)
[M::mem_pestat] analyzing insert size distribution for orientation RF...
[M::mem_pestat] (25, 50, 75) percentile: (557, 933, 2304)
[M::mem_pestat] low and high boundaries for computing mean and std.dev: (1, 5798)
[M::mem_pestat] mean and std.dev: (1377.70, 1470.34)
[M::mem_pestat] low and high boundaries for proper pairs: (1, 7545)
[M::mem_pestat] skip orientation RR as there are not enough pairs
[M::mem_pestat] skip orientation RF
[M::mem_process_seqs] Processed 549020 reads in 198.450 CPU sec, 49.056 real sec
[M::process] read 548966 sequences (40000016 bp)...
[M::mem_pestat] # candidate unique pairs for (FF, FR, RF, RR): (0, 23385, 6, 1)
[M::mem_pestat] skip orientation FF as there are not enough pairs
[M::mem_pestat] analyzing insert size distribution for orientation FR...
[M::mem_pestat] (25, 50, 75) percentile: (116, 154, 208)
[M::mem_pestat] low and high boundaries for computing mean and std.dev: (1, 392)
[M::mem_pestat] mean and std.dev: (165.16, 66.06)
[M::mem_pestat] low and high boundaries for proper pairs: (1, 484)
[M::mem_pestat] skip orientation RF as there are not enough pairs
[M::mem_pestat] skip orientation RR as there are not enough pairs
[M::mem_process_seqs] Processed 549192 reads in 198.941 CPU sec, 48.799 real sec
[M::process] read 548942 sequences (40000025 bp)...
[M::mem_pestat] # candidate unique pairs for (FF, FR, RF, RR): (1, 23441, 6, 1)
[M::mem_pestat] skip orientation FF as there are not enough pairs
[M::mem_pestat] analyzing insert size distribution for orientation FR...
[M::mem_pestat] (25, 50, 75) percentile: (116, 155, 207)
[M::mem_pestat] low and high boundaries for computing mean and std.dev: (1, 389)
[M::mem_pestat] mean and std.dev: (165.20, 66.09)
[M::mem_pestat] low and high boundaries for proper pairs: (1, 480)
[M::mem_pestat] skip orientation RF as there are not enough pairs
[M::mem_pestat] skip orientation RR as there are not enough pairs
[M::mem_process_seqs] Processed 548966 reads in 182.648 CPU sec, 45.556 real sec
[M::process] read 548992 sequences (40000104 bp)...
[M::mem_pestat] # candidate unique pairs for (FF, FR, RF, RR): (0, 23537, 8, 0)
[M::mem_pestat] skip orientation FF as there are not enough pairs
[M::mem_pestat] analyzing insert size distribution for orientation FR...
[M::mem_pestat] (25, 50, 75) percentile: (116, 154, 207)
[M::mem_pestat] low and high boundaries for computing mean and std.dev: (1, 389)
[M::mem_pestat] mean and std.dev: (164.57, 65.52)
[M::mem_pestat] low and high boundaries for proper pairs: (1, 480)
[M::mem_pestat] skip orientation RF as there are not enough pairs
[M::mem_pestat] skip orientation RR as there are not enough pairs
[M::mem_process_seqs] Processed 548942 reads in 188.615 CPU sec, 47.230 real sec
[M::process] read 548538 sequences (40000132 bp)...
[M::mem_pestat] # candidate unique pairs for (FF, FR, RF, RR): (1, 23444, 4, 0)
[M::mem_pestat] skip orientation FF as there are not enough pairs
[M::mem_pestat] analyzing insert size distribution for orientation FR...
[M::mem_pestat] (25, 50, 75) percentile: (115, 153, 205)
[M::mem_pestat] low and high boundaries for computing mean and std.dev: (1, 385)
[M::mem_pestat] mean and std.dev: (163.60, 65.23)
[M::mem_pestat] low and high boundaries for proper pairs: (1, 475)
[M::mem_pestat] skip orientation RF as there are not enough pairs
[M::mem_pestat] skip orientation RR as there are not enough pairs
[M::mem_process_seqs] Processed 548992 reads in 189.871 CPU sec, 46.542 real sec
[M::process] read 548670 sequences (40000037 bp)...
[M::mem_pestat] # candidate unique pairs for (FF, FR, RF, RR): (2, 23571, 5, 1)
[M::mem_pestat] skip orientation FF as there are not enough pairs
[M::mem_pestat] analyzing insert size distribution for orientation FR...
[M::mem_pestat] (25, 50, 75) percentile: (115, 152, 204)
[M::mem_pestat] low and high boundaries for computing mean and std.dev: (1, 382)
[M::mem_pestat] mean and std.dev: (163.01, 65.01)
[M::mem_pestat] low and high boundaries for proper pairs: (1, 471)
[M::mem_pestat] skip orientation RF as there are not enough pairs
[M::mem_pestat] skip orientation RR as there are not enough pairs
[M::mem_process_seqs] Processed 548538 reads in 181.000 CPU sec, 45.311 real sec
[M::process] read 548360 sequences (40000072 bp)...
[M::mem_pestat] # candidate unique pairs for (FF, FR, RF, RR): (1, 23526, 8, 2)
[M::mem_pestat] skip orientation FF as there are not enough pairs
[M::mem_pestat] analyzing insert size distribution for orientation FR...
[M::mem_pestat] (25, 50, 75) percentile: (115, 153, 205)
[M::mem_pestat] low and high boundaries for computing mean and std.dev: (1, 385)
[M::mem_pestat] mean and std.dev: (162.93, 64.87)
[M::mem_pestat] low and high boundaries for proper pairs: (1, 475)
[M::mem_pestat] skip orientation RF as there are not enough pairs
[M::mem_pestat] skip orientation RR as there are not enough pairs
[M::mem_process_seqs] Processed 548670 reads in 182.072 CPU sec, 44.676 real sec
[M::process] read 547890 sequences (40000022 bp)...
[M::mem_pestat] # candidate unique pairs for (FF, FR, RF, RR): (3, 23429, 5, 1)
[M::mem_pestat] skip orientation FF as there are not enough pairs
[M::mem_pestat] analyzing insert size distribution for orientation FR...
[M::mem_pestat] (25, 50, 75) percentile: (115, 153, 205)
[M::mem_pestat] low and high boundaries for computing mean and std.dev: (1, 385)
[M::mem_pestat] mean and std.dev: (163.48, 64.99)
[M::mem_pestat] low and high boundaries for proper pairs: (1, 475)
[M::mem_pestat] skip orientation RF as there are not enough pairs
[M::mem_pestat] skip orientation RR as there are not enough pairs
[M::mem_process_seqs] Processed 548360 reads in 206.150 CPU sec, 51.844 real sec
[M::process] read 547538 sequences (40000083 bp)...
[M::mem_pestat] # candidate unique pairs for (FF, FR, RF, RR): (2, 23341, 5, 2)
[M::mem_pestat] skip orientation FF as there are not enough pairs
[M::mem_pestat] analyzing insert size distribution for orientation FR...
[M::mem_pestat] (25, 50, 75) percentile: (114, 153, 204)
[M::mem_pestat] low and high boundaries for computing mean and std.dev: (1, 384)
[M::mem_pestat] mean and std.dev: (162.91, 65.04)
[M::mem_pestat] low and high boundaries for proper pairs: (1, 474)
[M::mem_pestat] skip orientation RF as there are not enough pairs
[M::mem_pestat] skip orientation RR as there are not enough pairs
[M::mem_process_seqs] Processed 547890 reads in 174.123 CPU sec, 42.539 real sec
[M::process] read 547786 sequences (40000058 bp)...
[M::mem_pestat] # candidate unique pairs for (FF, FR, RF, RR): (0, 23484, 10, 2)
[M::mem_pestat] skip orientation FF as there are not enough pairs
[M::mem_pestat] analyzing insert size distribution for orientation FR...
[M::mem_pestat] (25, 50, 75) percentile: (115, 153, 205)
[M::mem_pestat] low and high boundaries for computing mean and std.dev: (1, 385)
[M::mem_pestat] mean and std.dev: (163.60, 65.03)
[M::mem_pestat] low and high boundaries for proper pairs: (1, 475)
[M::mem_pestat] analyzing insert size distribution for orientation RF...
[M::mem_pestat] (25, 50, 75) percentile: (116, 1959, 1959)
[M::mem_pestat] low and high boundaries for computing mean and std.dev: (1, 5645)
[M::mem_pestat] mean and std.dev: (1529.70, 1453.44)
[M::mem_pestat] low and high boundaries for proper pairs: (1, 7488)
[M::mem_pestat] skip orientation RR as there are not enough pairs
[M::mem_pestat] skip orientation RF
[M::mem_process_seqs] Processed 547538 reads in 161.099 CPU sec, 39.991 real sec
[M::process] read 548534 sequences (40000044 bp)...
[M::mem_pestat] # candidate unique pairs for (FF, FR, RF, RR): (0, 23517, 7, 2)
[M::mem_pestat] skip orientation FF as there are not enough pairs
[M::mem_pestat] analyzing insert size distribution for orientation FR...
[M::mem_pestat] (25, 50, 75) percentile: (115, 153, 205)
[M::mem_pestat] low and high boundaries for computing mean and std.dev: (1, 385)
[M::mem_pestat] mean and std.dev: (163.12, 64.79)
[M::mem_pestat] low and high boundaries for proper pairs: (1, 475)
[M::mem_pestat] skip orientation RF as there are not enough pairs
[M::mem_pestat] skip orientation RR as there are not enough pairs
[M::mem_process_seqs] Processed 547786 reads in 161.279 CPU sec, 40.150 real sec
[M::process] read 547884 sequences (40000067 bp)...
[M::mem_pestat] # candidate unique pairs for (FF, FR, RF, RR): (1, 23173, 10, 1)
[M::mem_pestat] skip orientation FF as there are not enough pairs
[M::mem_pestat] analyzing insert size distribution for orientation FR...
[M::mem_pestat] (25, 50, 75) percentile: (114, 152, 205)
[M::mem_pestat] low and high boundaries for computing mean and std.dev: (1, 387)
[M::mem_pestat] mean and std.dev: (163.26, 66.06)
[M::mem_pestat] low and high boundaries for proper pairs: (1, 478)
[M::mem_pestat] analyzing insert size distribution for orientation RF...
[M::mem_pestat] (25, 50, 75) percentile: (159, 2398, 3020)
[M::mem_pestat] low and high boundaries for computing mean and std.dev: (1, 8742)
[M::mem_pestat] mean and std.dev: (1766.00, 1397.77)
[M::mem_pestat] low and high boundaries for proper pairs: (1, 11603)
[M::mem_pestat] skip orientation RR as there are not enough pairs
[M::mem_pestat] skip orientation RF
[M::mem_process_seqs] Processed 548534 reads in 159.693 CPU sec, 39.772 real sec
[M::process] read 548300 sequences (40000089 bp)...
[M::mem_pestat] # candidate unique pairs for (FF, FR, RF, RR): (2, 23155, 3, 1)
[M::mem_pestat] skip orientation FF as there are not enough pairs
[M::mem_pestat] analyzing insert size distribution for orientation FR...
[M::mem_pestat] (25, 50, 75) percentile: (115, 153, 206)
[M::mem_pestat] low and high boundaries for computing mean and std.dev: (1, 388)
[M::mem_pestat] mean and std.dev: (163.81, 65.94)
[M::mem_pestat] low and high boundaries for proper pairs: (1, 479)
[M::mem_pestat] skip orientation RF as there are not enough pairs
[M::mem_pestat] skip orientation RR as there are not enough pairs
[M::mem_process_seqs] Processed 547884 reads in 177.155 CPU sec, 43.291 real sec
[M::process] read 548348 sequences (40000101 bp)...
[M::mem_pestat] # candidate unique pairs for (FF, FR, RF, RR): (0, 23583, 4, 2)
[M::mem_pestat] skip orientation FF as there are not enough pairs
[M::mem_pestat] analyzing insert size distribution for orientation FR...
[M::mem_pestat] (25, 50, 75) percentile: (115, 153, 204)
[M::mem_pestat] low and high boundaries for computing mean and std.dev: (1, 382)
[M::mem_pestat] mean and std.dev: (163.11, 64.96)
[M::mem_pestat] low and high boundaries for proper pairs: (1, 471)
[M::mem_pestat] skip orientation RF as there are not enough pairs
[M::mem_pestat] skip orientation RR as there are not enough pairs
[M::mem_process_seqs] Processed 548300 reads in 182.380 CPU sec, 45.623 real sec
[M::process] read 547882 sequences (40000057 bp)...
[M::mem_pestat] # candidate unique pairs for (FF, FR, RF, RR): (1, 23409, 5, 3)
[M::mem_pestat] skip orientation FF as there are not enough pairs
[M::mem_pestat] analyzing insert size distribution for orientation FR...
[M::mem_pestat] (25, 50, 75) percentile: (115, 152, 205)
[M::mem_pestat] low and high boundaries for computing mean and std.dev: (1, 385)
[M::mem_pestat] mean and std.dev: (163.17, 65.24)
[M::mem_pestat] low and high boundaries for proper pairs: (1, 475)
[M::mem_pestat] skip orientation RF as there are not enough pairs
[M::mem_pestat] skip orientation RR as there are not enough pairs
[M::mem_process_seqs] Processed 548348 reads in 188.158 CPU sec, 46.048 real sec
[M::process] read 547686 sequences (40000102 bp)...
[M::mem_pestat] # candidate unique pairs for (FF, FR, RF, RR): (3, 23144, 6, 0)
[M::mem_pestat] skip orientation FF as there are not enough pairs
[M::mem_pestat] analyzing insert size distribution for orientation FR...
[M::mem_pestat] (25, 50, 75) percentile: (115, 153, 205)
[M::mem_pestat] low and high boundaries for computing mean and std.dev: (1, 385)
[M::mem_pestat] mean and std.dev: (163.24, 65.59)
[M::mem_pestat] low and high boundaries for proper pairs: (1, 475)
[M::mem_pestat] skip orientation RF as there are not enough pairs
[M::mem_pestat] skip orientation RR as there are not enough pairs
[M::mem_process_seqs] Processed 547882 reads in 169.540 CPU sec, 42.067 real sec
[M::process] read 547656 sequences (40000044 bp)...
[M::mem_pestat] # candidate unique pairs for (FF, FR, RF, RR): (2, 23284, 6, 2)
[M::mem_pestat] skip orientation FF as there are not enough pairs
[M::mem_pestat] analyzing insert size distribution for orientation FR...
[M::mem_pestat] (25, 50, 75) percentile: (115, 153, 206)
[M::mem_pestat] low and high boundaries for computing mean and std.dev: (1, 388)
[M::mem_pestat] mean and std.dev: (163.93, 66.12)
[M::mem_pestat] low and high boundaries for proper pairs: (1, 479)
[M::mem_pestat] skip orientation RF as there are not enough pairs
[M::mem_pestat] skip orientation RR as there are not enough pairs
[M::mem_process_seqs] Processed 547686 reads in 185.534 CPU sec, 45.308 real sec
[M::process] read 547796 sequences (40000013 bp)...
[M::mem_pestat] # candidate unique pairs for (FF, FR, RF, RR): (2, 23403, 7, 2)
[M::mem_pestat] skip orientation FF as there are not enough pairs
[M::mem_pestat] analyzing insert size distribution for orientation FR...
[M::mem_pestat] (25, 50, 75) percentile: (116, 153, 205)
[M::mem_pestat] low and high boundaries for computing mean and std.dev: (1, 383)
[M::mem_pestat] mean and std.dev: (163.89, 65.23)
[M::mem_pestat] low and high boundaries for proper pairs: (1, 472)
[M::mem_pestat] skip orientation RF as there are not enough pairs
[M::mem_pestat] skip orientation RR as there are not enough pairs
[M::mem_process_seqs] Processed 547656 reads in 177.111 CPU sec, 44.145 real sec
[M::process] read 548010 sequences (40000070 bp)...
[M::mem_pestat] # candidate unique pairs for (FF, FR, RF, RR): (2, 23340, 7, 2)
[M::mem_pestat] skip orientation FF as there are not enough pairs
[M::mem_pestat] analyzing insert size distribution for orientation FR...
[M::mem_pestat] (25, 50, 75) percentile: (115, 153, 206)
[M::mem_pestat] low and high boundaries for computing mean and std.dev: (1, 388)
[M::mem_pestat] mean and std.dev: (163.79, 65.24)
[M::mem_pestat] low and high boundaries for proper pairs: (1, 479)
[M::mem_pestat] skip orientation RF as there are not enough pairs
[M::mem_pestat] skip orientation RR as there are not enough pairs
[M::mem_process_seqs] Processed 547796 reads in 160.352 CPU sec, 39.731 real sec
[M::process] read 546876 sequences (40000151 bp)...
[M::mem_pestat] # candidate unique pairs for (FF, FR, RF, RR): (1, 23422, 3, 1)
[M::mem_pestat] skip orientation FF as there are not enough pairs
[M::mem_pestat] analyzing insert size distribution for orientation FR...
[M::mem_pestat] (25, 50, 75) percentile: (115, 153, 205)
[M::mem_pestat] low and high boundaries for computing mean and std.dev: (1, 385)
[M::mem_pestat] mean and std.dev: (163.53, 65.33)
[M::mem_pestat] low and high boundaries for proper pairs: (1, 475)
[M::mem_pestat] skip orientation RF as there are not enough pairs
[M::mem_pestat] skip orientation RR as there are not enough pairs
[M::mem_process_seqs] Processed 548010 reads in 172.333 CPU sec, 42.877 real sec
[M::process] read 547178 sequences (40000025 bp)...
[M::mem_pestat] # candidate unique pairs for (FF, FR, RF, RR): (5, 23249, 8, 1)
[M::mem_pestat] skip orientation FF as there are not enough pairs
[M::mem_pestat] analyzing insert size distribution for orientation FR...
[M::mem_pestat] (25, 50, 75) percentile: (115, 154, 205)
[M::mem_pestat] low and high boundaries for computing mean and std.dev: (1, 385)
[M::mem_pestat] mean and std.dev: (163.75, 65.50)
[M::mem_pestat] low and high boundaries for proper pairs: (1, 475)
[M::mem_pestat] skip orientation RF as there are not enough pairs
[M::mem_pestat] skip orientation RR as there are not enough pairs
[M::mem_process_seqs] Processed 546876 reads in 173.906 CPU sec, 42.409 real sec
[M::process] read 547276 sequences (40000094 bp)...
[M::mem_pestat] # candidate unique pairs for (FF, FR, RF, RR): (3, 23448, 6, 3)
[M::mem_pestat] skip orientation FF as there are not enough pairs
[M::mem_pestat] analyzing insert size distribution for orientation FR...
[M::mem_pestat] (25, 50, 75) percentile: (114, 153, 205)
[M::mem_pestat] low and high boundaries for computing mean and std.dev: (1, 387)
[M::mem_pestat] mean and std.dev: (163.41, 65.42)
[M::mem_pestat] low and high boundaries for proper pairs: (1, 478)
[M::mem_pestat] skip orientation RF as there are not enough pairs
[M::mem_pestat] skip orientation RR as there are not enough pairs
[M::mem_process_seqs] Processed 547178 reads in 179.473 CPU sec, 44.650 real sec
[M::process] read 547388 sequences (40000020 bp)...
[M::mem_pestat] # candidate unique pairs for (FF, FR, RF, RR): (3, 23336, 9, 2)
[M::mem_pestat] skip orientation FF as there are not enough pairs
[M::mem_pestat] analyzing insert size distribution for orientation FR...
[M::mem_pestat] (25, 50, 75) percentile: (116, 154, 206)
[M::mem_pestat] low and high boundaries for computing mean and std.dev: (1, 386)
[M::mem_pestat] mean and std.dev: (164.09, 65.42)
[M::mem_pestat] low and high boundaries for proper pairs: (1, 476)
[M::mem_pestat] skip orientation RF as there are not enough pairs
[M::mem_pestat] skip orientation RR as there are not enough pairs
[M::mem_process_seqs] Processed 547276 reads in 180.662 CPU sec, 44.098 real sec
[M::process] read 547568 sequences (40000140 bp)...
[M::mem_pestat] # candidate unique pairs for (FF, FR, RF, RR): (2, 23315, 10, 3)
[M::mem_pestat] skip orientation FF as there are not enough pairs
[M::mem_pestat] analyzing insert size distribution for orientation FR...
[M::mem_pestat] (25, 50, 75) percentile: (114, 152, 204)
[M::mem_pestat] low and high boundaries for computing mean and std.dev: (1, 384)
[M::mem_pestat] mean and std.dev: (162.33, 64.72)
[M::mem_pestat] low and high boundaries for proper pairs: (1, 474)
[M::mem_pestat] analyzing insert size distribution for orientation RF...
[M::mem_pestat] (25, 50, 75) percentile: (17, 1442, 2944)
[M::mem_pestat] low and high boundaries for computing mean and std.dev: (1, 8798)
[M::mem_pestat] mean and std.dev: (1400.80, 1492.77)
[M::mem_pestat] low and high boundaries for proper pairs: (1, 11725)
[M::mem_pestat] skip orientation RR as there are not enough pairs
[M::mem_pestat] skip orientation RF
[M::mem_process_seqs] Processed 547388 reads in 171.296 CPU sec, 42.646 real sec
[M::process] read 547722 sequences (40000098 bp)...
[M::mem_pestat] # candidate unique pairs for (FF, FR, RF, RR): (0, 23297, 7, 1)
[M::mem_pestat] skip orientation FF as there are not enough pairs
[M::mem_pestat] analyzing insert size distribution for orientation FR...
[M::mem_pestat] (25, 50, 75) percentile: (115, 152, 205)
[M::mem_pestat] low and high boundaries for computing mean and std.dev: (1, 385)
[M::mem_pestat] mean and std.dev: (163.08, 65.14)
[M::mem_pestat] low and high boundaries for proper pairs: (1, 475)
[M::mem_pestat] skip orientation RF as there are not enough pairs
[M::mem_pestat] skip orientation RR as there are not enough pairs
[M::mem_process_seqs] Processed 547568 reads in 158.185 CPU sec, 39.382 real sec
[M::process] read 547148 sequences (40000109 bp)...
[M::mem_pestat] # candidate unique pairs for (FF, FR, RF, RR): (2, 23027, 5, 2)
[M::mem_pestat] skip orientation FF as there are not enough pairs
[M::mem_pestat] analyzing insert size distribution for orientation FR...
[M::mem_pestat] (25, 50, 75) percentile: (115, 152, 204)
[M::mem_pestat] low and high boundaries for computing mean and std.dev: (1, 382)
[M::mem_pestat] mean and std.dev: (162.69, 64.54)
[M::mem_pestat] low and high boundaries for proper pairs: (1, 471)
[M::mem_pestat] skip orientation RF as there are not enough pairs
[M::mem_pestat] skip orientation RR as there are not enough pairs
[M::mem_process_seqs] Processed 547722 reads in 156.508 CPU sec, 39.005 real sec
[M::process] read 547504 sequences (40000036 bp)...
[M::mem_pestat] # candidate unique pairs for (FF, FR, RF, RR): (4, 23246, 5, 1)
[M::mem_pestat] skip orientation FF as there are not enough pairs
[M::mem_pestat] analyzing insert size distribution for orientation FR...
[M::mem_pestat] (25, 50, 75) percentile: (115, 152, 204)
[M::mem_pestat] low and high boundaries for computing mean and std.dev: (1, 382)
[M::mem_pestat] mean and std.dev: (162.80, 65.02)
[M::mem_pestat] low and high boundaries for proper pairs: (1, 471)
[M::mem_pestat] skip orientation RF as there are not enough pairs
[M::mem_pestat] skip orientation RR as there are not enough pairs
[M::mem_process_seqs] Processed 547148 reads in 159.198 CPU sec, 38.748 real sec
[M::process] read 547630 sequences (40000041 bp)...
[M::mem_pestat] # candidate unique pairs for (FF, FR, RF, RR): (5, 23234, 4, 1)
[M::mem_pestat] skip orientation FF as there are not enough pairs
[M::mem_pestat] analyzing insert size distribution for orientation FR...
[M::mem_pestat] (25, 50, 75) percentile: (115, 153, 205)
[M::mem_pestat] low and high boundaries for computing mean and std.dev: (1, 385)
[M::mem_pestat] mean and std.dev: (163.30, 65.33)
[M::mem_pestat] low and high boundaries for proper pairs: (1, 475)
[M::mem_pestat] skip orientation RF as there are not enough pairs
[M::mem_pestat] skip orientation RR as there are not enough pairs
[M::mem_process_seqs] Processed 547504 reads in 158.499 CPU sec, 39.333 real sec
[M::process] read 547298 sequences (40000127 bp)...
[M::mem_pestat] # candidate unique pairs for (FF, FR, RF, RR): (2, 23533, 8, 1)
[M::mem_pestat] skip orientation FF as there are not enough pairs
[M::mem_pestat] analyzing insert size distribution for orientation FR...
[M::mem_pestat] (25, 50, 75) percentile: (115, 152, 204)
[M::mem_pestat] low and high boundaries for computing mean and std.dev: (1, 382)
[M::mem_pestat] mean and std.dev: (162.02, 64.08)
[M::mem_pestat] low and high boundaries for proper pairs: (1, 471)
[M::mem_pestat] skip orientation RF as there are not enough pairs
[M::mem_pestat] skip orientation RR as there are not enough pairs
[M::mem_process_seqs] Processed 547630 reads in 158.226 CPU sec, 39.473 real sec
[M::process] read 547050 sequences (40000088 bp)...
[M::mem_pestat] # candidate unique pairs for (FF, FR, RF, RR): (3, 23259, 2, 2)
[M::mem_pestat] skip orientation FF as there are not enough pairs
[M::mem_pestat] analyzing insert size distribution for orientation FR...
[M::mem_pestat] (25, 50, 75) percentile: (115, 152, 204)
[M::mem_pestat] low and high boundaries for computing mean and std.dev: (1, 382)
[M::mem_pestat] mean and std.dev: (162.99, 64.96)
[M::mem_pestat] low and high boundaries for proper pairs: (1, 471)
[M::mem_pestat] skip orientation RF as there are not enough pairs
[M::mem_pestat] skip orientation RR as there are not enough pairs
[M::mem_process_seqs] Processed 547298 reads in 162.539 CPU sec, 40.464 real sec
[M::process] read 546886 sequences (40000110 bp)...
[M::mem_pestat] # candidate unique pairs for (FF, FR, RF, RR): (3, 23470, 8, 4)
[M::mem_pestat] skip orientation FF as there are not enough pairs
[M::mem_pestat] analyzing insert size distribution for orientation FR...
[M::mem_pestat] (25, 50, 75) percentile: (115, 153, 205)
[M::mem_pestat] low and high boundaries for computing mean and std.dev: (1, 385)
[M::mem_pestat] mean and std.dev: (163.03, 64.68)
[M::mem_pestat] low and high boundaries for proper pairs: (1, 475)
[M::mem_pestat] skip orientation RF as there are not enough pairs
[M::mem_pestat] skip orientation RR as there are not enough pairs
[M::mem_process_seqs] Processed 547050 reads in 164.277 CPU sec, 40.113 real sec
[M::process] read 546388 sequences (40000040 bp)...
[M::mem_pestat] # candidate unique pairs for (FF, FR, RF, RR): (3, 23270, 5, 2)
[M::mem_pestat] skip orientation FF as there are not enough pairs
[M::mem_pestat] analyzing insert size distribution for orientation FR...
[M::mem_pestat] (25, 50, 75) percentile: (115, 152, 204)
[M::mem_pestat] low and high boundaries for computing mean and std.dev: (1, 382)
[M::mem_pestat] mean and std.dev: (162.66, 64.44)
[M::mem_pestat] low and high boundaries for proper pairs: (1, 471)
[M::mem_pestat] skip orientation RF as there are not enough pairs
[M::mem_pestat] skip orientation RR as there are not enough pairs
[M::mem_process_seqs] Processed 546886 reads in 164.219 CPU sec, 40.922 real sec
[M::process] read 546196 sequences (40000070 bp)...
[M::mem_pestat] # candidate unique pairs for (FF, FR, RF, RR): (1, 23438, 8, 2)
[M::mem_pestat] skip orientation FF as there are not enough pairs
[M::mem_pestat] analyzing insert size distribution for orientation FR...
[M::mem_pestat] (25, 50, 75) percentile: (114, 151, 202)
[M::mem_pestat] low and high boundaries for computing mean and std.dev: (1, 378)
[M::mem_pestat] mean and std.dev: (161.85, 63.94)
[M::mem_pestat] low and high boundaries for proper pairs: (1, 466)
[M::mem_pestat] skip orientation RF as there are not enough pairs
[M::mem_pestat] skip orientation RR as there are not enough pairs
[M::mem_process_seqs] Processed 546388 reads in 160.475 CPU sec, 39.912 real sec
[M::process] read 546640 sequences (40000020 bp)...
[M::mem_pestat] # candidate unique pairs for (FF, FR, RF, RR): (4, 23422, 3, 3)
[M::mem_pestat] skip orientation FF as there are not enough pairs
[M::mem_pestat] analyzing insert size distribution for orientation FR...
[M::mem_pestat] (25, 50, 75) percentile: (114, 152, 204)
[M::mem_pestat] low and high boundaries for computing mean and std.dev: (1, 384)
[M::mem_pestat] mean and std.dev: (162.75, 65.23)
[M::mem_pestat] low and high boundaries for proper pairs: (1, 474)
[M::mem_pestat] skip orientation RF as there are not enough pairs
[M::mem_pestat] skip orientation RR as there are not enough pairs
[M::mem_process_seqs] Processed 546196 reads in 170.310 CPU sec, 41.576 real sec
[M::process] read 546836 sequences (40000122 bp)...
[M::mem_pestat] # candidate unique pairs for (FF, FR, RF, RR): (3, 23304, 6, 2)
[M::mem_pestat] skip orientation FF as there are not enough pairs
[M::mem_pestat] analyzing insert size distribution for orientation FR...
[M::mem_pestat] (25, 50, 75) percentile: (113, 152, 204)
[M::mem_pestat] low and high boundaries for computing mean and std.dev: (1, 386)
[M::mem_pestat] mean and std.dev: (162.39, 65.28)
[M::mem_pestat] low and high boundaries for proper pairs: (1, 477)
[M::mem_pestat] skip orientation RF as there are not enough pairs
[M::mem_pestat] skip orientation RR as there are not enough pairs
[M::mem_process_seqs] Processed 546640 reads in 157.197 CPU sec, 39.201 real sec
[M::process] read 546460 sequences (40000043 bp)...
[M::mem_pestat] # candidate unique pairs for (FF, FR, RF, RR): (3, 23566, 6, 5)
[M::mem_pestat] skip orientation FF as there are not enough pairs
[M::mem_pestat] analyzing insert size distribution for orientation FR...
[M::mem_pestat] (25, 50, 75) percentile: (114, 152, 203)
[M::mem_pestat] low and high boundaries for computing mean and std.dev: (1, 381)
[M::mem_pestat] mean and std.dev: (162.40, 65.06)
[M::mem_pestat] low and high boundaries for proper pairs: (1, 470)
[M::mem_pestat] skip orientation RF as there are not enough pairs
[M::mem_pestat] skip orientation RR as there are not enough pairs
[M::mem_process_seqs] Processed 546836 reads in 157.209 CPU sec, 39.039 real sec
[M::process] read 546592 sequences (40000122 bp)...
[M::mem_pestat] # candidate unique pairs for (FF, FR, RF, RR): (2, 23255, 7, 3)
[M::mem_pestat] skip orientation FF as there are not enough pairs
[M::mem_pestat] analyzing insert size distribution for orientation FR...
[M::mem_pestat] (25, 50, 75) percentile: (115, 153, 205)
[M::mem_pestat] low and high boundaries for computing mean and std.dev: (1, 385)
[M::mem_pestat] mean and std.dev: (163.26, 65.12)
[M::mem_pestat] low and high boundaries for proper pairs: (1, 475)
[M::mem_pestat] skip orientation RF as there are not enough pairs
[M::mem_pestat] skip orientation RR as there are not enough pairs
[M::mem_process_seqs] Processed 546460 reads in 157.837 CPU sec, 39.142 real sec
[M::process] read 546546 sequences (40000134 bp)...
[M::mem_pestat] # candidate unique pairs for (FF, FR, RF, RR): (4, 23410, 4, 0)
[M::mem_pestat] skip orientation FF as there are not enough pairs
[M::mem_pestat] analyzing insert size distribution for orientation FR...
[M::mem_pestat] (25, 50, 75) percentile: (115, 152, 204)
[M::mem_pestat] low and high boundaries for computing mean and std.dev: (1, 382)
[M::mem_pestat] mean and std.dev: (162.76, 64.48)
[M::mem_pestat] low and high boundaries for proper pairs: (1, 471)
[M::mem_pestat] skip orientation RF as there are not enough pairs
[M::mem_pestat] skip orientation RR as there are not enough pairs
[M::mem_process_seqs] Processed 546592 reads in 160.753 CPU sec, 1509.220 real sec
[M::process] read 546124 sequences (40000053 bp)...
[M::mem_pestat] # candidate unique pairs for (FF, FR, RF, RR): (5, 23097, 5, 2)
[M::mem_pestat] skip orientation FF as there are not enough pairs
[M::mem_pestat] analyzing insert size distribution for orientation FR...
[M::mem_pestat] (25, 50, 75) percentile: (115, 152, 204)
[M::mem_pestat] low and high boundaries for computing mean and std.dev: (1, 382)
[M::mem_pestat] mean and std.dev: (162.35, 64.69)
[M::mem_pestat] low and high boundaries for proper pairs: (1, 471)
[M::mem_pestat] skip orientation RF as there are not enough pairs
[M::mem_pestat] skip orientation RR as there are not enough pairs
[M::mem_process_seqs] Processed 546546 reads in 216.193 CPU sec, 52.679 real sec
[M::process] read 545628 sequences (40000132 bp)...
[M::mem_pestat] # candidate unique pairs for (FF, FR, RF, RR): (1, 23180, 5, 2)
[M::mem_pestat] skip orientation FF as there are not enough pairs
[M::mem_pestat] analyzing insert size distribution for orientation FR...
[M::mem_pestat] (25, 50, 75) percentile: (114, 151, 201)
[M::mem_pestat] low and high boundaries for computing mean and std.dev: (1, 375)
[M::mem_pestat] mean and std.dev: (161.26, 64.09)
[M::mem_pestat] low and high boundaries for proper pairs: (1, 462)
[M::mem_pestat] skip orientation RF as there are not enough pairs
[M::mem_pestat] skip orientation RR as there are not enough pairs
[M::mem_process_seqs] Processed 546124 reads in 172.762 CPU sec, 43.164 real sec
[M::process] read 545224 sequences (40000056 bp)...
[M::mem_pestat] # candidate unique pairs for (FF, FR, RF, RR): (3, 23132, 3, 1)
[M::mem_pestat] skip orientation FF as there are not enough pairs
[M::mem_pestat] analyzing insert size distribution for orientation FR...
[M::mem_pestat] (25, 50, 75) percentile: (115, 153, 204)
[M::mem_pestat] low and high boundaries for computing mean and std.dev: (1, 382)
[M::mem_pestat] mean and std.dev: (162.64, 64.28)
[M::mem_pestat] low and high boundaries for proper pairs: (1, 471)
[M::mem_pestat] skip orientation RF as there are not enough pairs
[M::mem_pestat] skip orientation RR as there are not enough pairs
[M::mem_process_seqs] Processed 545628 reads in 176.969 CPU sec, 44.106 real sec
[M::process] read 545462 sequences (40000068 bp)...
[M::mem_pestat] # candidate unique pairs for (FF, FR, RF, RR): (4, 23294, 6, 1)
[M::mem_pestat] skip orientation FF as there are not enough pairs
[M::mem_pestat] analyzing insert size distribution for orientation FR...
[M::mem_pestat] (25, 50, 75) percentile: (115, 152, 204)
[M::mem_pestat] low and high boundaries for computing mean and std.dev: (1, 382)
[M::mem_pestat] mean and std.dev: (162.29, 64.02)
[M::mem_pestat] low and high boundaries for proper pairs: (1, 471)
[M::mem_pestat] skip orientation RF as there are not enough pairs
[M::mem_pestat] skip orientation RR as there are not enough pairs
[M::mem_process_seqs] Processed 545224 reads in 168.845 CPU sec, 40.961 real sec
[M::process] read 545282 sequences (40000106 bp)...
[M::mem_pestat] # candidate unique pairs for (FF, FR, RF, RR): (1, 23039, 7, 2)
[M::mem_pestat] skip orientation FF as there are not enough pairs
[M::mem_pestat] analyzing insert size distribution for orientation FR...
[M::mem_pestat] (25, 50, 75) percentile: (114, 151, 203)
[M::mem_pestat] low and high boundaries for computing mean and std.dev: (1, 381)
[M::mem_pestat] mean and std.dev: (162.23, 64.81)
[M::mem_pestat] low and high boundaries for proper pairs: (1, 470)
[M::mem_pestat] skip orientation RF as there are not enough pairs
[M::mem_pestat] skip orientation RR as there are not enough pairs
[M::mem_process_seqs] Processed 545462 reads in 165.133 CPU sec, 41.170 real sec
[M::process] read 545074 sequences (40000073 bp)...
[M::mem_pestat] # candidate unique pairs for (FF, FR, RF, RR): (2, 23391, 9, 0)
[M::mem_pestat] skip orientation FF as there are not enough pairs
[M::mem_pestat] analyzing insert size distribution for orientation FR...
[M::mem_pestat] (25, 50, 75) percentile: (115, 152, 203)
[M::mem_pestat] low and high boundaries for computing mean and std.dev: (1, 379)
[M::mem_pestat] mean and std.dev: (162.20, 64.33)
[M::mem_pestat] low and high boundaries for proper pairs: (1, 467)
[M::mem_pestat] skip orientation RF as there are not enough pairs
[M::mem_pestat] skip orientation RR as there are not enough pairs
[M::mem_process_seqs] Processed 545282 reads in 164.618 CPU sec, 40.819 real sec
[M::process] read 544498 sequences (40000141 bp)...
[M::mem_pestat] # candidate unique pairs for (FF, FR, RF, RR): (1, 23084, 6, 0)
[M::mem_pestat] skip orientation FF as there are not enough pairs
[M::mem_pestat] analyzing insert size distribution for orientation FR...
[M::mem_pestat] (25, 50, 75) percentile: (114, 151, 203)
[M::mem_pestat] low and high boundaries for computing mean and std.dev: (1, 381)
[M::mem_pestat] mean and std.dev: (161.49, 64.46)
[M::mem_pestat] low and high boundaries for proper pairs: (1, 470)
[M::mem_pestat] skip orientation RF as there are not enough pairs
[M::mem_pestat] skip orientation RR as there are not enough pairs
[M::mem_process_seqs] Processed 545074 reads in 206.521 CPU sec, 625.645 real sec
[M::mem_pestat] # candidate unique pairs for (FF, FR, RF, RR): (3, 23152, 7, 0)
[M::mem_pestat] skip orientation FF as there are not enough pairs
[M::mem_pestat] analyzing insert size distribution for orientation FR...
[M::mem_pestat] (25, 50, 75) percentile: (115, 152, 204)
[M::mem_pestat] low and high boundaries for computing mean and std.dev: (1, 382)
[M::mem_pestat] mean and std.dev: (162.36, 64.18)
[M::mem_pestat] low and high boundaries for proper pairs: (1, 471)
[M::mem_pestat] skip orientation RF as there are not enough pairs
[M::mem_pestat] skip orientation RR as there are not enough pairs
[M::mem_process_seqs] Processed 544498 reads in 215.033 CPU sec, 53.763 real sec
[M::process] read 545338 sequences (40000089 bp)...
[M::process] read 544892 sequences (40000011 bp)...
[M::mem_pestat] # candidate unique pairs for (FF, FR, RF, RR): (3, 23244, 15, 3)
[M::mem_pestat] skip orientation FF as there are not enough pairs
[M::mem_pestat] analyzing insert size distribution for orientation FR...
[M::mem_pestat] (25, 50, 75) percentile: (114, 152, 202)
[M::mem_pestat] low and high boundaries for computing mean and std.dev: (1, 378)
[M::mem_pestat] mean and std.dev: (161.79, 64.15)
[M::mem_pestat] low and high boundaries for proper pairs: (1, 466)
[M::mem_pestat] analyzing insert size distribution for orientation RF...
[M::mem_pestat] (25, 50, 75) percentile: (161, 287, 2297)
[M::mem_pestat] low and high boundaries for computing mean and std.dev: (1, 6569)
[M::mem_pestat] mean and std.dev: (1092.14, 1556.78)
[M::mem_pestat] low and high boundaries for proper pairs: (1, 8705)
[M::mem_pestat] skip orientation RR as there are not enough pairs
[M::mem_pestat] skip orientation RF
[M::mem_process_seqs] Processed 545338 reads in 170.063 CPU sec, 42.933 real sec
[M::process] read 544510 sequences (40000065 bp)...
[M::mem_pestat] # candidate unique pairs for (FF, FR, RF, RR): (3, 23077, 2, 1)
[M::mem_pestat] skip orientation FF as there are not enough pairs
[M::mem_pestat] analyzing insert size distribution for orientation FR...
[M::mem_pestat] (25, 50, 75) percentile: (114, 150, 201)
[M::mem_pestat] low and high boundaries for computing mean and std.dev: (1, 375)
[M::mem_pestat] mean and std.dev: (160.71, 63.80)
[M::mem_pestat] low and high boundaries for proper pairs: (1, 462)
[M::mem_pestat] skip orientation RF as there are not enough pairs
[M::mem_pestat] skip orientation RR as there are not enough pairs
[M::mem_process_seqs] Processed 544892 reads in 162.134 CPU sec, 39.655 real sec
[M::process] read 544420 sequences (40000044 bp)...
[M::mem_pestat] # candidate unique pairs for (FF, FR, RF, RR): (4, 23327, 7, 2)
[M::mem_pestat] skip orientation FF as there are not enough pairs
[M::mem_pestat] analyzing insert size distribution for orientation FR...
[M::mem_pestat] (25, 50, 75) percentile: (114, 151, 203)
[M::mem_pestat] low and high boundaries for computing mean and std.dev: (1, 381)
[M::mem_pestat] mean and std.dev: (161.35, 64.27)
[M::mem_pestat] low and high boundaries for proper pairs: (1, 470)
[M::mem_pestat] skip orientation RF as there are not enough pairs
[M::mem_pestat] skip orientation RR as there are not enough pairs
[M::mem_process_seqs] Processed 544510 reads in 159.290 CPU sec, 39.404 real sec
[M::process] read 544274 sequences (40000126 bp)...
[M::mem_pestat] # candidate unique pairs for (FF, FR, RF, RR): (2, 23396, 7, 1)
[M::mem_pestat] skip orientation FF as there are not enough pairs
[M::mem_pestat] analyzing insert size distribution for orientation FR...
[M::mem_pestat] (25, 50, 75) percentile: (114, 151, 202)
[M::mem_pestat] low and high boundaries for computing mean and std.dev: (1, 378)
[M::mem_pestat] mean and std.dev: (161.53, 64.14)
[M::mem_pestat] low and high boundaries for proper pairs: (1, 466)
[M::mem_pestat] skip orientation RF as there are not enough pairs
[M::mem_pestat] skip orientation RR as there are not enough pairs
[M::mem_process_seqs] Processed 544420 reads in 159.662 CPU sec, 39.423 real sec
[M::process] read 544266 sequences (40000049 bp)...
[M::mem_pestat] # candidate unique pairs for (FF, FR, RF, RR): (1, 23187, 7, 2)
[M::mem_pestat] skip orientation FF as there are not enough pairs
[M::mem_pestat] analyzing insert size distribution for orientation FR...
[M::mem_pestat] (25, 50, 75) percentile: (113, 151, 202)
[M::mem_pestat] low and high boundaries for computing mean and std.dev: (1, 380)
[M::mem_pestat] mean and std.dev: (161.21, 64.08)
[M::mem_pestat] low and high boundaries for proper pairs: (1, 469)
[M::mem_pestat] skip orientation RF as there are not enough pairs
[M::mem_pestat] skip orientation RR as there are not enough pairs
[M::mem_process_seqs] Processed 544274 reads in 158.565 CPU sec, 39.143 real sec
[M::process] read 545246 sequences (40000038 bp)...
[M::mem_pestat] # candidate unique pairs for (FF, FR, RF, RR): (0, 23184, 9, 1)
[M::mem_pestat] skip orientation FF as there are not enough pairs
[M::mem_pestat] analyzing insert size distribution for orientation FR...
[M::mem_pestat] (25, 50, 75) percentile: (114, 151, 202)
[M::mem_pestat] low and high boundaries for computing mean and std.dev: (1, 378)
[M::mem_pestat] mean and std.dev: (161.21, 64.05)
[M::mem_pestat] low and high boundaries for proper pairs: (1, 466)
[M::mem_pestat] skip orientation RF as there are not enough pairs
[M::mem_pestat] skip orientation RR as there are not enough pairs
[M::mem_process_seqs] Processed 544266 reads in 161.182 CPU sec, 39.902 real sec
[M::process] read 545492 sequences (40000022 bp)...
[M::mem_pestat] # candidate unique pairs for (FF, FR, RF, RR): (0, 23260, 11, 0)
[M::mem_pestat] skip orientation FF as there are not enough pairs
[M::mem_pestat] analyzing insert size distribution for orientation FR...
[M::mem_pestat] (25, 50, 75) percentile: (114, 151, 202)
[M::mem_pestat] low and high boundaries for computing mean and std.dev: (1, 378)
[M::mem_pestat] mean and std.dev: (160.99, 63.36)
[M::mem_pestat] low and high boundaries for proper pairs: (1, 466)
[M::mem_pestat] analyzing insert size distribution for orientation RF...
[M::mem_pestat] (25, 50, 75) percentile: (931, 2149, 2297)
[M::mem_pestat] low and high boundaries for computing mean and std.dev: (1, 5029)
[M::mem_pestat] mean and std.dev: (1395.40, 980.71)
[M::mem_pestat] low and high boundaries for proper pairs: (1, 6395)
[M::mem_pestat] skip orientation RR as there are not enough pairs
[M::mem_pestat] skip orientation RF
[M::mem_process_seqs] Processed 545246 reads in 163.689 CPU sec, 40.573 real sec
[M::process] read 545616 sequences (40000120 bp)...
[M::mem_pestat] # candidate unique pairs for (FF, FR, RF, RR): (2, 22888, 5, 1)
[M::mem_pestat] skip orientation FF as there are not enough pairs
[M::mem_pestat] analyzing insert size distribution for orientation FR...
[M::mem_pestat] (25, 50, 75) percentile: (113, 151, 203)
[M::mem_pestat] low and high boundaries for computing mean and std.dev: (1, 383)
[M::mem_pestat] mean and std.dev: (161.31, 64.29)
[M::mem_pestat] low and high boundaries for proper pairs: (1, 473)
[M::mem_pestat] skip orientation RF as there are not enough pairs
[M::mem_pestat] skip orientation RR as there are not enough pairs
[M::mem_process_seqs] Processed 545492 reads in 159.881 CPU sec, 39.442 real sec
[M::process] read 546202 sequences (40000045 bp)...
[M::mem_pestat] # candidate unique pairs for (FF, FR, RF, RR): (1, 23207, 8, 1)
[M::mem_pestat] skip orientation FF as there are not enough pairs
[M::mem_pestat] analyzing insert size distribution for orientation FR...
[M::mem_pestat] (25, 50, 75) percentile: (114, 151, 202)
[M::mem_pestat] low and high boundaries for computing mean and std.dev: (1, 378)
[M::mem_pestat] mean and std.dev: (161.51, 63.70)
[M::mem_pestat] low and high boundaries for proper pairs: (1, 466)
[M::mem_pestat] skip orientation RF as there are not enough pairs
[M::mem_pestat] skip orientation RR as there are not enough pairs
[M::mem_process_seqs] Processed 545616 reads in 159.170 CPU sec, 39.341 real sec
[M::process] read 547458 sequences (40000104 bp)...
[M::mem_pestat] # candidate unique pairs for (FF, FR, RF, RR): (4, 23258, 7, 1)
[M::mem_pestat] skip orientation FF as there are not enough pairs
[M::mem_pestat] analyzing insert size distribution for orientation FR...
[M::mem_pestat] (25, 50, 75) percentile: (114, 152, 203)
[M::mem_pestat] low and high boundaries for computing mean and std.dev: (1, 381)
[M::mem_pestat] mean and std.dev: (162.13, 64.33)
[M::mem_pestat] low and high boundaries for proper pairs: (1, 470)
[M::mem_pestat] skip orientation RF as there are not enough pairs
[M::mem_pestat] skip orientation RR as there are not enough pairs
[M::mem_process_seqs] Processed 546202 reads in 156.482 CPU sec, 38.639 real sec
[M::process] read 549686 sequences (40000146 bp)...
[M::mem_pestat] # candidate unique pairs for (FF, FR, RF, RR): (3, 23375, 9, 3)
[M::mem_pestat] skip orientation FF as there are not enough pairs
[M::mem_pestat] analyzing insert size distribution for orientation FR...
[M::mem_pestat] (25, 50, 75) percentile: (114, 152, 202)
[M::mem_pestat] low and high boundaries for computing mean and std.dev: (1, 378)
[M::mem_pestat] mean and std.dev: (161.73, 63.91)
[M::mem_pestat] low and high boundaries for proper pairs: (1, 466)
[M::mem_pestat] skip orientation RF as there are not enough pairs
[M::mem_pestat] skip orientation RR as there are not enough pairs
[M::mem_process_seqs] Processed 547458 reads in 152.654 CPU sec, 37.801 real sec
[M::process] read 552330 sequences (40000018 bp)...
[M::mem_pestat] # candidate unique pairs for (FF, FR, RF, RR): (1, 23077, 7, 1)
[M::mem_pestat] skip orientation FF as there are not enough pairs
[M::mem_pestat] analyzing insert size distribution for orientation FR...
[M::mem_pestat] (25, 50, 75) percentile: (114, 151, 201)
[M::mem_pestat] low and high boundaries for computing mean and std.dev: (1, 375)
[M::mem_pestat] mean and std.dev: (160.50, 62.81)
[M::mem_pestat] low and high boundaries for proper pairs: (1, 462)
[M::mem_pestat] skip orientation RF as there are not enough pairs
[M::mem_pestat] skip orientation RR as there are not enough pairs
[M::mem_process_seqs] Processed 549686 reads in 153.621 CPU sec, 38.084 real sec
[M::process] read 552220 sequences (40000135 bp)...
[M::mem_pestat] # candidate unique pairs for (FF, FR, RF, RR): (3, 23584, 9, 2)
[M::mem_pestat] skip orientation FF as there are not enough pairs
[M::mem_pestat] analyzing insert size distribution for orientation FR...
[M::mem_pestat] (25, 50, 75) percentile: (115, 151, 201)
[M::mem_pestat] low and high boundaries for computing mean and std.dev: (1, 373)
[M::mem_pestat] mean and std.dev: (161.22, 62.05)
[M::mem_pestat] low and high boundaries for proper pairs: (1, 459)
[M::mem_pestat] skip orientation RF as there are not enough pairs
[M::mem_pestat] skip orientation RR as there are not enough pairs
[M::mem_process_seqs] Processed 552330 reads in 155.649 CPU sec, 38.521 real sec
[M::process] read 553584 sequences (40000149 bp)...
[M::mem_pestat] # candidate unique pairs for (FF, FR, RF, RR): (0, 23566, 11, 4)
[M::mem_pestat] skip orientation FF as there are not enough pairs
[M::mem_pestat] analyzing insert size distribution for orientation FR...
[M::mem_pestat] (25, 50, 75) percentile: (115, 152, 202)
[M::mem_pestat] low and high boundaries for computing mean and std.dev: (1, 376)
[M::mem_pestat] mean and std.dev: (161.76, 62.36)
[M::mem_pestat] low and high boundaries for proper pairs: (1, 463)
[M::mem_pestat] analyzing insert size distribution for orientation RF...
[M::mem_pestat] (25, 50, 75) percentile: (152, 293, 2269)
[M::mem_pestat] low and high boundaries for computing mean and std.dev: (1, 6503)
[M::mem_pestat] mean and std.dev: (1032.73, 1093.12)
[M::mem_pestat] low and high boundaries for proper pairs: (1, 8620)
[M::mem_pestat] skip orientation RR as there are not enough pairs
[M::mem_pestat] skip orientation RF
[M::mem_process_seqs] Processed 552220 reads in 155.028 CPU sec, 38.404 real sec
[M::process] read 553996 sequences (40000142 bp)...
[M::mem_pestat] # candidate unique pairs for (FF, FR, RF, RR): (1, 23808, 9, 4)
[M::mem_pestat] skip orientation FF as there are not enough pairs
[M::mem_pestat] analyzing insert size distribution for orientation FR...
[M::mem_pestat] (25, 50, 75) percentile: (115, 152, 203)
[M::mem_pestat] low and high boundaries for computing mean and std.dev: (1, 379)
[M::mem_pestat] mean and std.dev: (162.30, 63.33)
[M::mem_pestat] low and high boundaries for proper pairs: (1, 467)
[M::mem_pestat] skip orientation RF as there are not enough pairs
[M::mem_pestat] skip orientation RR as there are not enough pairs
[M::mem_process_seqs] Processed 553584 reads in 154.921 CPU sec, 38.338 real sec
[M::process] read 554174 sequences (40000029 bp)...
[M::mem_pestat] # candidate unique pairs for (FF, FR, RF, RR): (0, 23705, 5, 0)
[M::mem_pestat] skip orientation FF as there are not enough pairs
[M::mem_pestat] analyzing insert size distribution for orientation FR...
[M::mem_pestat] (25, 50, 75) percentile: (116, 153, 204)
[M::mem_pestat] low and high boundaries for computing mean and std.dev: (1, 380)
[M::mem_pestat] mean and std.dev: (163.22, 63.83)
[M::mem_pestat] low and high boundaries for proper pairs: (1, 468)
[M::mem_pestat] skip orientation RF as there are not enough pairs
[M::mem_pestat] skip orientation RR as there are not enough pairs
[M::mem_process_seqs] Processed 553996 reads in 151.922 CPU sec, 37.595 real sec
[M::process] read 553500 sequences (40000142 bp)...
[M::mem_pestat] # candidate unique pairs for (FF, FR, RF, RR): (1, 23640, 4, 2)
[M::mem_pestat] skip orientation FF as there are not enough pairs
[M::mem_pestat] analyzing insert size distribution for orientation FR...
[M::mem_pestat] (25, 50, 75) percentile: (115, 154, 204)
[M::mem_pestat] low and high boundaries for computing mean and std.dev: (1, 382)
[M::mem_pestat] mean and std.dev: (163.10, 63.75)
[M::mem_pestat] low and high boundaries for proper pairs: (1, 471)
[M::mem_pestat] skip orientation RF as there are not enough pairs
[M::mem_pestat] skip orientation RR as there are not enough pairs
[M::mem_process_seqs] Processed 554174 reads in 151.704 CPU sec, 37.442 real sec
[M::process] read 553010 sequences (40000103 bp)...
[M::mem_pestat] # candidate unique pairs for (FF, FR, RF, RR): (4, 23860, 5, 0)
[M::mem_pestat] skip orientation FF as there are not enough pairs
[M::mem_pestat] analyzing insert size distribution for orientation FR...
[M::mem_pestat] (25, 50, 75) percentile: (116, 154, 204)
[M::mem_pestat] low and high boundaries for computing mean and std.dev: (1, 380)
[M::mem_pestat] mean and std.dev: (163.62, 63.89)
[M::mem_pestat] low and high boundaries for proper pairs: (1, 468)
[M::mem_pestat] skip orientation RF as there are not enough pairs
[M::mem_pestat] skip orientation RR as there are not enough pairs
[M::mem_process_seqs] Processed 553500 reads in 152.440 CPU sec, 37.755 real sec
[M::process] read 552880 sequences (40000024 bp)...
[M::mem_pestat] # candidate unique pairs for (FF, FR, RF, RR): (2, 23583, 7, 2)
[M::mem_pestat] skip orientation FF as there are not enough pairs
[M::mem_pestat] analyzing insert size distribution for orientation FR...
[M::mem_pestat] (25, 50, 75) percentile: (116, 154, 204)
[M::mem_pestat] low and high boundaries for computing mean and std.dev: (1, 380)
[M::mem_pestat] mean and std.dev: (163.91, 63.79)
[M::mem_pestat] low and high boundaries for proper pairs: (1, 468)
[M::mem_pestat] skip orientation RF as there are not enough pairs
[M::mem_pestat] skip orientation RR as there are not enough pairs
[M::mem_process_seqs] Processed 553010 reads in 151.863 CPU sec, 37.534 real sec
[M::process] read 553426 sequences (40000101 bp)...
[M::mem_pestat] # candidate unique pairs for (FF, FR, RF, RR): (3, 23434, 10, 2)
[M::mem_pestat] skip orientation FF as there are not enough pairs
[M::mem_pestat] analyzing insert size distribution for orientation FR...
[M::mem_pestat] (25, 50, 75) percentile: (116, 154, 205)
[M::mem_pestat] low and high boundaries for computing mean and std.dev: (1, 383)
[M::mem_pestat] mean and std.dev: (164.08, 64.26)
[M::mem_pestat] low and high boundaries for proper pairs: (1, 472)
[M::mem_pestat] analyzing insert size distribution for orientation RF...
[M::mem_pestat] (25, 50, 75) percentile: (222, 1892, 2675)
[M::mem_pestat] low and high boundaries for computing mean and std.dev: (1, 7581)
[M::mem_pestat] mean and std.dev: (1706.56, 2247.68)
[M::mem_pestat] low and high boundaries for proper pairs: (1, 10697)
[M::mem_pestat] skip orientation RR as there are not enough pairs
[M::mem_pestat] skip orientation RF
[M::mem_process_seqs] Processed 552880 reads in 153.315 CPU sec, 37.951 real sec
[M::process] read 554668 sequences (40000026 bp)...
[M::mem_pestat] # candidate unique pairs for (FF, FR, RF, RR): (0, 23642, 11, 0)
[M::mem_pestat] skip orientation FF as there are not enough pairs
[M::mem_pestat] analyzing insert size distribution for orientation FR...
[M::mem_pestat] (25, 50, 75) percentile: (117, 154, 206)
[M::mem_pestat] low and high boundaries for computing mean and std.dev: (1, 384)
[M::mem_pestat] mean and std.dev: (164.85, 64.42)
[M::mem_pestat] low and high boundaries for proper pairs: (1, 473)
[M::mem_pestat] analyzing insert size distribution for orientation RF...
[M::mem_pestat] (25, 50, 75) percentile: (206, 1406, 2864)
[M::mem_pestat] low and high boundaries for computing mean and std.dev: (1, 8180)
[M::mem_pestat] mean and std.dev: (1068.00, 977.26)
[M::mem_pestat] low and high boundaries for proper pairs: (1, 10838)
[M::mem_pestat] skip orientation RR as there are not enough pairs
[M::mem_pestat] skip orientation RF
[M::mem_process_seqs] Processed 553426 reads in 152.835 CPU sec, 37.803 real sec
[M::process] read 554954 sequences (40000054 bp)...
[M::mem_pestat] # candidate unique pairs for (FF, FR, RF, RR): (2, 23382, 6, 2)
[M::mem_pestat] skip orientation FF as there are not enough pairs
[M::mem_pestat] analyzing insert size distribution for orientation FR...
[M::mem_pestat] (25, 50, 75) percentile: (117, 156, 207)
[M::mem_pestat] low and high boundaries for computing mean and std.dev: (1, 387)
[M::mem_pestat] mean and std.dev: (165.49, 65.10)
[M::mem_pestat] low and high boundaries for proper pairs: (1, 477)
[M::mem_pestat] skip orientation RF as there are not enough pairs
[M::mem_pestat] skip orientation RR as there are not enough pairs
[M::mem_process_seqs] Processed 554668 reads in 153.141 CPU sec, 37.797 real sec
[M::process] read 554526 sequences (40000082 bp)...
[M::mem_pestat] # candidate unique pairs for (FF, FR, RF, RR): (0, 23498, 4, 1)
[M::mem_pestat] skip orientation FF as there are not enough pairs
[M::mem_pestat] analyzing insert size distribution for orientation FR...
[M::mem_pestat] (25, 50, 75) percentile: (116, 153, 206)
[M::mem_pestat] low and high boundaries for computing mean and std.dev: (1, 386)
[M::mem_pestat] mean and std.dev: (164.69, 65.33)
[M::mem_pestat] low and high boundaries for proper pairs: (1, 476)
[M::mem_pestat] skip orientation RF as there are not enough pairs
[M::mem_pestat] skip orientation RR as there are not enough pairs
[M::mem_process_seqs] Processed 554954 reads in 154.169 CPU sec, 38.079 real sec
[M::process] read 554834 sequences (40000004 bp)...
[M::mem_pestat] # candidate unique pairs for (FF, FR, RF, RR): (1, 23506, 3, 1)
[M::mem_pestat] skip orientation FF as there are not enough pairs
[M::mem_pestat] analyzing insert size distribution for orientation FR...
[M::mem_pestat] (25, 50, 75) percentile: (117, 155, 208)
[M::mem_pestat] low and high boundaries for computing mean and std.dev: (1, 390)
[M::mem_pestat] mean and std.dev: (165.53, 65.50)
[M::mem_pestat] low and high boundaries for proper pairs: (1, 481)
[M::mem_pestat] skip orientation RF as there are not enough pairs
[M::mem_pestat] skip orientation RR as there are not enough pairs
[M::mem_process_seqs] Processed 554526 reads in 182.547 CPU sec, 55.002 real sec
[M::process] read 553506 sequences (40000064 bp)...
[M::mem_pestat] # candidate unique pairs for (FF, FR, RF, RR): (4, 23675, 2, 1)
[M::mem_pestat] skip orientation FF as there are not enough pairs
[M::mem_pestat] analyzing insert size distribution for orientation FR...
[M::mem_pestat] (25, 50, 75) percentile: (116, 155, 208)
[M::mem_pestat] low and high boundaries for computing mean and std.dev: (1, 392)
[M::mem_pestat] mean and std.dev: (165.46, 65.68)
[M::mem_pestat] low and high boundaries for proper pairs: (1, 484)
[M::mem_pestat] skip orientation RF as there are not enough pairs
[M::mem_pestat] skip orientation RR as there are not enough pairs
[M::mem_process_seqs] Processed 554834 reads in 177.792 CPU sec, 44.077 real sec
[M::process] read 552270 sequences (40000125 bp)...
[M::mem_pestat] # candidate unique pairs for (FF, FR, RF, RR): (1, 23495, 9, 1)
[M::mem_pestat] skip orientation FF as there are not enough pairs
[M::mem_pestat] analyzing insert size distribution for orientation FR...
[M::mem_pestat] (25, 50, 75) percentile: (118, 155, 207)
[M::mem_pestat] low and high boundaries for computing mean and std.dev: (1, 385)
[M::mem_pestat] mean and std.dev: (165.67, 65.15)
[M::mem_pestat] low and high boundaries for proper pairs: (1, 474)
[M::mem_pestat] skip orientation RF as there are not enough pairs
[M::mem_pestat] skip orientation RR as there are not enough pairs
[M::mem_process_seqs] Processed 553506 reads in 176.213 CPU sec, 43.585 real sec
[M::process] read 552164 sequences (40000108 bp)...
[M::mem_pestat] # candidate unique pairs for (FF, FR, RF, RR): (2, 23412, 8, 2)
[M::mem_pestat] skip orientation FF as there are not enough pairs
[M::mem_pestat] analyzing insert size distribution for orientation FR...
[M::mem_pestat] (25, 50, 75) percentile: (116, 155, 208)
[M::mem_pestat] low and high boundaries for computing mean and std.dev: (1, 392)
[M::mem_pestat] mean and std.dev: (165.74, 65.99)
[M::mem_pestat] low and high boundaries for proper pairs: (1, 484)
[M::mem_pestat] skip orientation RF as there are not enough pairs
[M::mem_pestat] skip orientation RR as there are not enough pairs
[M::mem_process_seqs] Processed 552270 reads in 177.137 CPU sec, 43.620 real sec
[M::process] read 552202 sequences (40000003 bp)...
[M::mem_pestat] # candidate unique pairs for (FF, FR, RF, RR): (1, 23309, 6, 0)
[M::mem_pestat] skip orientation FF as there are not enough pairs
[M::mem_pestat] analyzing insert size distribution for orientation FR...
[M::mem_pestat] (25, 50, 75) percentile: (117, 155, 208)
[M::mem_pestat] low and high boundaries for computing mean and std.dev: (1, 390)
[M::mem_pestat] mean and std.dev: (165.50, 65.49)
[M::mem_pestat] low and high boundaries for proper pairs: (1, 481)
[M::mem_pestat] skip orientation RF as there are not enough pairs
[M::mem_pestat] skip orientation RR as there are not enough pairs
[M::mem_process_seqs] Processed 552164 reads in 155.136 CPU sec, 38.314 real sec
[M::process] read 552760 sequences (40000020 bp)...
[M::mem_pestat] # candidate unique pairs for (FF, FR, RF, RR): (1, 23253, 6, 1)
[M::mem_pestat] skip orientation FF as there are not enough pairs
[M::mem_pestat] analyzing insert size distribution for orientation FR...
[M::mem_pestat] (25, 50, 75) percentile: (117, 155, 209)
[M::mem_pestat] low and high boundaries for computing mean and std.dev: (1, 393)
[M::mem_pestat] mean and std.dev: (165.86, 66.15)
[M::mem_pestat] low and high boundaries for proper pairs: (1, 485)
[M::mem_pestat] skip orientation RF as there are not enough pairs
[M::mem_pestat] skip orientation RR as there are not enough pairs
[M::mem_process_seqs] Processed 552202 reads in 156.116 CPU sec, 38.674 real sec
[M::process] read 552262 sequences (40000083 bp)...
[M::mem_pestat] # candidate unique pairs for (FF, FR, RF, RR): (3, 23679, 4, 1)
[M::mem_pestat] skip orientation FF as there are not enough pairs
[M::mem_pestat] analyzing insert size distribution for orientation FR...
[M::mem_pestat] (25, 50, 75) percentile: (116, 154, 208)
[M::mem_pestat] low and high boundaries for computing mean and std.dev: (1, 392)
[M::mem_pestat] mean and std.dev: (165.58, 66.54)
[M::mem_pestat] low and high boundaries for proper pairs: (1, 484)
[M::mem_pestat] skip orientation RF as there are not enough pairs
[M::mem_pestat] skip orientation RR as there are not enough pairs
[M::mem_process_seqs] Processed 552760 reads in 154.717 CPU sec, 38.268 real sec
[M::process] read 551770 sequences (40000048 bp)...
[M::mem_pestat] # candidate unique pairs for (FF, FR, RF, RR): (4, 23268, 9, 3)
[M::mem_pestat] skip orientation FF as there are not enough pairs
[M::mem_pestat] analyzing insert size distribution for orientation FR...
[M::mem_pestat] (25, 50, 75) percentile: (117, 155, 208)
[M::mem_pestat] low and high boundaries for computing mean and std.dev: (1, 390)
[M::mem_pestat] mean and std.dev: (165.60, 65.72)
[M::mem_pestat] low and high boundaries for proper pairs: (1, 481)
[M::mem_pestat] skip orientation RF as there are not enough pairs
[M::mem_pestat] skip orientation RR as there are not enough pairs
[M::mem_process_seqs] Processed 552262 reads in 152.106 CPU sec, 37.676 real sec
[M::process] read 551262 sequences (40000126 bp)...
[M::mem_pestat] # candidate unique pairs for (FF, FR, RF, RR): (2, 23467, 8, 1)
[M::mem_pestat] skip orientation FF as there are not enough pairs
[M::mem_pestat] analyzing insert size distribution for orientation FR...
[M::mem_pestat] (25, 50, 75) percentile: (116, 155, 208)
[M::mem_pestat] low and high boundaries for computing mean and std.dev: (1, 392)
[M::mem_pestat] mean and std.dev: (165.20, 65.82)
[M::mem_pestat] low and high boundaries for proper pairs: (1, 484)
[M::mem_pestat] skip orientation RF as there are not enough pairs
[M::mem_pestat] skip orientation RR as there are not enough pairs
[M::mem_process_seqs] Processed 551770 reads in 152.556 CPU sec, 37.744 real sec
[M::process] read 551614 sequences (40000017 bp)...
[M::mem_pestat] # candidate unique pairs for (FF, FR, RF, RR): (1, 23255, 5, 1)
[M::mem_pestat] skip orientation FF as there are not enough pairs
[M::mem_pestat] analyzing insert size distribution for orientation FR...
[M::mem_pestat] (25, 50, 75) percentile: (116, 155, 208)
[M::mem_pestat] low and high boundaries for computing mean and std.dev: (1, 392)
[M::mem_pestat] mean and std.dev: (165.64, 66.42)
[M::mem_pestat] low and high boundaries for proper pairs: (1, 484)
[M::mem_pestat] skip orientation RF as there are not enough pairs
[M::mem_pestat] skip orientation RR as there are not enough pairs
[M::mem_process_seqs] Processed 551262 reads in 149.721 CPU sec, 37.084 real sec
[M::process] read 550968 sequences (40000036 bp)...
[M::mem_pestat] # candidate unique pairs for (FF, FR, RF, RR): (1, 23534, 10, 2)
[M::mem_pestat] skip orientation FF as there are not enough pairs
[M::mem_pestat] analyzing insert size distribution for orientation FR...
[M::mem_pestat] (25, 50, 75) percentile: (116, 154, 208)
[M::mem_pestat] low and high boundaries for computing mean and std.dev: (1, 392)
[M::mem_pestat] mean and std.dev: (165.10, 66.19)
[M::mem_pestat] low and high boundaries for proper pairs: (1, 484)
[M::mem_pestat] analyzing insert size distribution for orientation RF...
[M::mem_pestat] (25, 50, 75) percentile: (105, 644, 1959)
[M::mem_pestat] low and high boundaries for computing mean and std.dev: (1, 5667)
[M::mem_pestat] mean and std.dev: (842.10, 856.13)
[M::mem_pestat] low and high boundaries for proper pairs: (1, 7521)
[M::mem_pestat] skip orientation RR as there are not enough pairs
[M::mem_pestat] skip orientation RF
[M::mem_process_seqs] Processed 551614 reads in 149.088 CPU sec, 36.877 real sec
[M::process] read 550332 sequences (40000039 bp)...
[M::mem_pestat] # candidate unique pairs for (FF, FR, RF, RR): (3, 23315, 6, 1)
[M::mem_pestat] skip orientation FF as there are not enough pairs
[M::mem_pestat] analyzing insert size distribution for orientation FR...
[M::mem_pestat] (25, 50, 75) percentile: (115, 154, 207)
[M::mem_pestat] low and high boundaries for computing mean and std.dev: (1, 391)
[M::mem_pestat] mean and std.dev: (164.81, 66.13)
[M::mem_pestat] low and high boundaries for proper pairs: (1, 483)
[M::mem_pestat] skip orientation RF as there are not enough pairs
[M::mem_pestat] skip orientation RR as there are not enough pairs
[M::mem_process_seqs] Processed 550968 reads in 150.824 CPU sec, 37.303 real sec
[M::process] read 549992 sequences (40000130 bp)...
[M::mem_pestat] # candidate unique pairs for (FF, FR, RF, RR): (3, 23341, 8, 2)
[M::mem_pestat] skip orientation FF as there are not enough pairs
[M::mem_pestat] analyzing insert size distribution for orientation FR...
[M::mem_pestat] (25, 50, 75) percentile: (116, 154, 207)
[M::mem_pestat] low and high boundaries for computing mean and std.dev: (1, 389)
[M::mem_pestat] mean and std.dev: (164.94, 65.82)
[M::mem_pestat] low and high boundaries for proper pairs: (1, 480)
[M::mem_pestat] skip orientation RF as there are not enough pairs
[M::mem_pestat] skip orientation RR as there are not enough pairs
[M::mem_process_seqs] Processed 550332 reads in 157.485 CPU sec, 39.017 real sec
[M::process] read 550298 sequences (40000042 bp)...
[M::mem_pestat] # candidate unique pairs for (FF, FR, RF, RR): (4, 23338, 8, 0)
[M::mem_pestat] skip orientation FF as there are not enough pairs
[M::mem_pestat] analyzing insert size distribution for orientation FR...
[M::mem_pestat] (25, 50, 75) percentile: (115, 154, 206)
[M::mem_pestat] low and high boundaries for computing mean and std.dev: (1, 388)
[M::mem_pestat] mean and std.dev: (164.25, 65.55)
[M::mem_pestat] low and high boundaries for proper pairs: (1, 479)
[M::mem_pestat] skip orientation RF as there are not enough pairs
[M::mem_pestat] skip orientation RR as there are not enough pairs
[M::mem_process_seqs] Processed 549992 reads in 188.112 CPU sec, 46.588 real sec
[M::process] read 550692 sequences (40000125 bp)...
[M::mem_pestat] # candidate unique pairs for (FF, FR, RF, RR): (3, 23424, 6, 1)
[M::mem_pestat] skip orientation FF as there are not enough pairs
[M::mem_pestat] analyzing insert size distribution for orientation FR...
[M::mem_pestat] (25, 50, 75) percentile: (115, 153, 205)
[M::mem_pestat] low and high boundaries for computing mean and std.dev: (1, 385)
[M::mem_pestat] mean and std.dev: (163.48, 65.31)
[M::mem_pestat] low and high boundaries for proper pairs: (1, 475)
[M::mem_pestat] skip orientation RF as there are not enough pairs
[M::mem_pestat] skip orientation RR as there are not enough pairs
[M::mem_process_seqs] Processed 550298 reads in 195.075 CPU sec, 48.204 real sec
[M::process] read 550892 sequences (40000008 bp)...
[M::mem_pestat] # candidate unique pairs for (FF, FR, RF, RR): (0, 23313, 5, 0)
[M::mem_pestat] skip orientation FF as there are not enough pairs
[M::mem_pestat] analyzing insert size distribution for orientation FR...
[M::mem_pestat] (25, 50, 75) percentile: (116, 154, 208)
[M::mem_pestat] low and high boundaries for computing mean and std.dev: (1, 392)
[M::mem_pestat] mean and std.dev: (165.56, 66.07)
[M::mem_pestat] low and high boundaries for proper pairs: (1, 484)
[M::mem_pestat] skip orientation RF as there are not enough pairs
[M::mem_pestat] skip orientation RR as there are not enough pairs
[M::mem_process_seqs] Processed 550692 reads in 170.757 CPU sec, 41.791 real sec
[M::process] read 550744 sequences (40000009 bp)...
[M::mem_pestat] # candidate unique pairs for (FF, FR, RF, RR): (2, 23521, 3, 1)
[M::mem_pestat] skip orientation FF as there are not enough pairs
[M::mem_pestat] analyzing insert size distribution for orientation FR...
[M::mem_pestat] (25, 50, 75) percentile: (115, 154, 206)
[M::mem_pestat] low and high boundaries for computing mean and std.dev: (1, 388)
[M::mem_pestat] mean and std.dev: (164.36, 65.75)
[M::mem_pestat] low and high boundaries for proper pairs: (1, 479)
[M::mem_pestat] skip orientation RF as there are not enough pairs
[M::mem_pestat] skip orientation RR as there are not enough pairs
[M::mem_process_seqs] Processed 550892 reads in 152.707 CPU sec, 37.538 real sec
[M::process] read 551612 sequences (40000059 bp)...
[M::mem_pestat] # candidate unique pairs for (FF, FR, RF, RR): (2, 23430, 6, 2)
[M::mem_pestat] skip orientation FF as there are not enough pairs
[M::mem_pestat] analyzing insert size distribution for orientation FR...
[M::mem_pestat] (25, 50, 75) percentile: (115, 154, 206)
[M::mem_pestat] low and high boundaries for computing mean and std.dev: (1, 388)
[M::mem_pestat] mean and std.dev: (164.28, 65.26)
[M::mem_pestat] low and high boundaries for proper pairs: (1, 479)
[M::mem_pestat] skip orientation RF as there are not enough pairs
[M::mem_pestat] skip orientation RR as there are not enough pairs
[M::mem_process_seqs] Processed 550744 reads in 153.391 CPU sec, 37.870 real sec
[M::process] read 549682 sequences (40000016 bp)...
[M::mem_pestat] # candidate unique pairs for (FF, FR, RF, RR): (2, 23491, 6, 3)
[M::mem_pestat] skip orientation FF as there are not enough pairs
[M::mem_pestat] analyzing insert size distribution for orientation FR...
[M::mem_pestat] (25, 50, 75) percentile: (116, 154, 206)
[M::mem_pestat] low and high boundaries for computing mean and std.dev: (1, 386)
[M::mem_pestat] mean and std.dev: (164.39, 65.36)
[M::mem_pestat] low and high boundaries for proper pairs: (1, 476)
[M::mem_pestat] skip orientation RF as there are not enough pairs
[M::mem_pestat] skip orientation RR as there are not enough pairs
[M::mem_process_seqs] Processed 551612 reads in 152.463 CPU sec, 37.638 real sec
[M::process] read 549804 sequences (40000091 bp)...
[M::mem_pestat] # candidate unique pairs for (FF, FR, RF, RR): (4, 23442, 6, 1)
[M::mem_pestat] skip orientation FF as there are not enough pairs
[M::mem_pestat] analyzing insert size distribution for orientation FR...
[M::mem_pestat] (25, 50, 75) percentile: (115, 153, 206)
[M::mem_pestat] low and high boundaries for computing mean and std.dev: (1, 388)
[M::mem_pestat] mean and std.dev: (164.07, 65.75)
[M::mem_pestat] low and high boundaries for proper pairs: (1, 479)
[M::mem_pestat] skip orientation RF as there are not enough pairs
[M::mem_pestat] skip orientation RR as there are not enough pairs
[M::mem_process_seqs] Processed 549682 reads in 152.594 CPU sec, 37.505 real sec
[M::process] read 549708 sequences (40000127 bp)...
[M::mem_pestat] # candidate unique pairs for (FF, FR, RF, RR): (2, 23087, 5, 0)
[M::mem_pestat] skip orientation FF as there are not enough pairs
[M::mem_pestat] analyzing insert size distribution for orientation FR...
[M::mem_pestat] (25, 50, 75) percentile: (115, 153, 205)
[M::mem_pestat] low and high boundaries for computing mean and std.dev: (1, 385)
[M::mem_pestat] mean and std.dev: (163.78, 64.80)
[M::mem_pestat] low and high boundaries for proper pairs: (1, 475)
[M::mem_pestat] skip orientation RF as there are not enough pairs
[M::mem_pestat] skip orientation RR as there are not enough pairs
[M::mem_process_seqs] Processed 549804 reads in 163.101 CPU sec, 48.061 real sec
[M::process] read 549400 sequences (40000104 bp)...
[M::mem_pestat] # candidate unique pairs for (FF, FR, RF, RR): (1, 23480, 8, 1)
[M::mem_pestat] skip orientation FF as there are not enough pairs
[M::mem_pestat] analyzing insert size distribution for orientation FR...
[M::mem_pestat] (25, 50, 75) percentile: (115, 154, 207)
[M::mem_pestat] low and high boundaries for computing mean and std.dev: (1, 391)
[M::mem_pestat] mean and std.dev: (164.37, 65.93)
[M::mem_pestat] low and high boundaries for proper pairs: (1, 483)
[M::mem_pestat] skip orientation RF as there are not enough pairs
[M::mem_pestat] skip orientation RR as there are not enough pairs
[M::mem_process_seqs] Processed 549708 reads in 159.445 CPU sec, 39.368 real sec
[M::process] read 548880 sequences (40000106 bp)...
[M::mem_pestat] # candidate unique pairs for (FF, FR, RF, RR): (3, 23545, 11, 2)
[M::mem_pestat] skip orientation FF as there are not enough pairs
[M::mem_pestat] analyzing insert size distribution for orientation FR...
[M::mem_pestat] (25, 50, 75) percentile: (115, 153, 205)
[M::mem_pestat] low and high boundaries for computing mean and std.dev: (1, 385)
[M::mem_pestat] mean and std.dev: (163.23, 64.72)
[M::mem_pestat] low and high boundaries for proper pairs: (1, 475)
[M::mem_pestat] analyzing insert size distribution for orientation RF...
[M::mem_pestat] (25, 50, 75) percentile: (466, 803, 2279)
[M::mem_pestat] low and high boundaries for computing mean and std.dev: (1, 5905)
[M::mem_pestat] mean and std.dev: (1221.20, 1472.62)
[M::mem_pestat] low and high boundaries for proper pairs: (1, 7718)
[M::mem_pestat] skip orientation RR as there are not enough pairs
[M::mem_pestat] skip orientation RF
[M::mem_process_seqs] Processed 549400 reads in 147.439 CPU sec, 36.340 real sec
[M::mem_pestat] # candidate unique pairs for (FF, FR, RF, RR): (4, 23600, 5, 2)
[M::mem_pestat] skip orientation FF as there are not enough pairs
[M::mem_pestat] analyzing insert size distribution for orientation FR...
[M::mem_pestat] (25, 50, 75) percentile: (115, 152, 205)
[M::mem_pestat] low and high boundaries for computing mean and std.dev: (1, 385)
[M::mem_pestat] mean and std.dev: (163.66, 65.51)
[M::mem_pestat] low and high boundaries for proper pairs: (1, 475)
[M::mem_pestat] skip orientation RF as there are not enough pairs
[M::mem_pestat] skip orientation RR as there are not enough pairs
[M::process] read 548954 sequences (40000013 bp)...
[M::mem_process_seqs] Processed 548880 reads in 137.057 CPU sec, 34.087 real sec
[M::process] read 550228 sequences (40000016 bp)...
[M::mem_pestat] # candidate unique pairs for (FF, FR, RF, RR): (2, 23331, 3, 2)
[M::mem_pestat] skip orientation FF as there are not enough pairs
[M::mem_pestat] analyzing insert size distribution for orientation FR...
[M::mem_pestat] (25, 50, 75) percentile: (115, 153, 206)
[M::mem_pestat] low and high boundaries for computing mean and std.dev: (1, 388)
[M::mem_pestat] mean and std.dev: (163.17, 65.13)
[M::mem_pestat] low and high boundaries for proper pairs: (1, 479)
[M::mem_pestat] skip orientation RF as there are not enough pairs
[M::mem_pestat] skip orientation RR as there are not enough pairs
[M::mem_process_seqs] Processed 548954 reads in 117.930 CPU sec, 29.036 real sec
[M::process] read 549512 sequences (40000024 bp)...
[M::mem_pestat] # candidate unique pairs for (FF, FR, RF, RR): (2, 23107, 9, 0)
[M::mem_pestat] skip orientation FF as there are not enough pairs
[M::mem_pestat] analyzing insert size distribution for orientation FR...
[M::mem_pestat] (25, 50, 75) percentile: (115, 153, 203)
[M::mem_pestat] low and high boundaries for computing mean and std.dev: (1, 379)
[M::mem_pestat] mean and std.dev: (162.42, 64.25)
[M::mem_pestat] low and high boundaries for proper pairs: (1, 467)
[M::mem_pestat] skip orientation RF as there are not enough pairs
[M::mem_pestat] skip orientation RR as there are not enough pairs
[M::mem_process_seqs] Processed 550228 reads in 114.297 CPU sec, 28.123 real sec
[M::process] read 549646 sequences (40000069 bp)...
[M::mem_pestat] # candidate unique pairs for (FF, FR, RF, RR): (3, 23570, 9, 3)
[M::mem_pestat] skip orientation FF as there are not enough pairs
[M::mem_pestat] analyzing insert size distribution for orientation FR...
[M::mem_pestat] (25, 50, 75) percentile: (114, 152, 204)
[M::mem_pestat] low and high boundaries for computing mean and std.dev: (1, 384)
[M::mem_pestat] mean and std.dev: (163.01, 65.37)
[M::mem_pestat] low and high boundaries for proper pairs: (1, 474)
[M::mem_pestat] skip orientation RF as there are not enough pairs
[M::mem_pestat] skip orientation RR as there are not enough pairs
[M::mem_process_seqs] Processed 549512 reads in 112.652 CPU sec, 27.779 real sec
[M::process] read 549360 sequences (40000052 bp)...
[M::mem_pestat] # candidate unique pairs for (FF, FR, RF, RR): (2, 23449, 3, 3)
[M::mem_pestat] skip orientation FF as there are not enough pairs
[M::mem_pestat] analyzing insert size distribution for orientation FR...
[M::mem_pestat] (25, 50, 75) percentile: (115, 153, 204)
[M::mem_pestat] low and high boundaries for computing mean and std.dev: (1, 382)
[M::mem_pestat] mean and std.dev: (163.13, 64.39)
[M::mem_pestat] low and high boundaries for proper pairs: (1, 471)
[M::mem_pestat] skip orientation RF as there are not enough pairs
[M::mem_pestat] skip orientation RR as there are not enough pairs
[M::mem_process_seqs] Processed 549646 reads in 111.337 CPU sec, 27.460 real sec
[M::process] read 548964 sequences (40000038 bp)...
[M::mem_pestat] # candidate unique pairs for (FF, FR, RF, RR): (1, 23606, 7, 2)
[M::mem_pestat] skip orientation FF as there are not enough pairs
[M::mem_pestat] analyzing insert size distribution for orientation FR...
[M::mem_pestat] (25, 50, 75) percentile: (115, 153, 206)
[M::mem_pestat] low and high boundaries for computing mean and std.dev: (1, 388)
[M::mem_pestat] mean and std.dev: (163.79, 65.76)
[M::mem_pestat] low and high boundaries for proper pairs: (1, 479)
[M::mem_pestat] skip orientation RF as there are not enough pairs
[M::mem_pestat] skip orientation RR as there are not enough pairs
[M::mem_process_seqs] Processed 549360 reads in 114.407 CPU sec, 28.331 real sec
[M::process] read 548562 sequences (40000098 bp)...
[M::mem_pestat] # candidate unique pairs for (FF, FR, RF, RR): (1, 23397, 3, 0)
[M::mem_pestat] skip orientation FF as there are not enough pairs
[M::mem_pestat] analyzing insert size distribution for orientation FR...
[M::mem_pestat] (25, 50, 75) percentile: (115, 153, 205)
[M::mem_pestat] low and high boundaries for computing mean and std.dev: (1, 385)
[M::mem_pestat] mean and std.dev: (163.60, 65.60)
[M::mem_pestat] low and high boundaries for proper pairs: (1, 475)
[M::mem_pestat] skip orientation RF as there are not enough pairs
[M::mem_pestat] skip orientation RR as there are not enough pairs
[M::mem_process_seqs] Processed 548964 reads in 118.797 CPU sec, 29.399 real sec
[M::process] read 549140 sequences (40000018 bp)...
[M::mem_pestat] # candidate unique pairs for (FF, FR, RF, RR): (4, 23498, 11, 1)
[M::mem_pestat] skip orientation FF as there are not enough pairs
[M::mem_pestat] analyzing insert size distribution for orientation FR...
[M::mem_pestat] (25, 50, 75) percentile: (115, 152, 206)
[M::mem_pestat] low and high boundaries for computing mean and std.dev: (1, 388)
[M::mem_pestat] mean and std.dev: (163.20, 65.24)
[M::mem_pestat] low and high boundaries for proper pairs: (1, 479)
[M::mem_pestat] analyzing insert size distribution for orientation RF...
[M::mem_pestat] (25, 50, 75) percentile: (1199, 1269, 2286)
[M::mem_pestat] low and high boundaries for computing mean and std.dev: (1, 4460)
[M::mem_pestat] mean and std.dev: (1594.73, 1169.89)
[M::mem_pestat] low and high boundaries for proper pairs: (1, 6274)
[M::mem_pestat] skip orientation RR as there are not enough pairs
[M::mem_pestat] skip orientation RF
[M::mem_process_seqs] Processed 548562 reads in 111.490 CPU sec, 27.768 real sec
[M::process] read 548708 sequences (40000132 bp)...
[M::mem_pestat] # candidate unique pairs for (FF, FR, RF, RR): (1, 23418, 7, 0)
[M::mem_pestat] skip orientation FF as there are not enough pairs
[M::mem_pestat] analyzing insert size distribution for orientation FR...
[M::mem_pestat] (25, 50, 75) percentile: (115, 153, 205)
[M::mem_pestat] low and high boundaries for computing mean and std.dev: (1, 385)
[M::mem_pestat] mean and std.dev: (163.44, 65.01)
[M::mem_pestat] low and high boundaries for proper pairs: (1, 475)
[M::mem_pestat] skip orientation RF as there are not enough pairs
[M::mem_pestat] skip orientation RR as there are not enough pairs
[M::mem_process_seqs] Processed 549140 reads in 113.297 CPU sec, 27.935 real sec
[M::process] read 548516 sequences (40000050 bp)...
[M::mem_pestat] # candidate unique pairs for (FF, FR, RF, RR): (0, 23264, 7, 3)
[M::mem_pestat] skip orientation FF as there are not enough pairs
[M::mem_pestat] analyzing insert size distribution for orientation FR...
[M::mem_pestat] (25, 50, 75) percentile: (115, 152, 204)
[M::mem_pestat] low and high boundaries for computing mean and std.dev: (1, 382)
[M::mem_pestat] mean and std.dev: (163.09, 64.64)
[M::mem_pestat] low and high boundaries for proper pairs: (1, 471)
[M::mem_pestat] skip orientation RF as there are not enough pairs
[M::mem_pestat] skip orientation RR as there are not enough pairs
[M::mem_process_seqs] Processed 548708 reads in 118.602 CPU sec, 29.296 real sec
[M::process] read 548018 sequences (40000111 bp)...
[M::mem_pestat] # candidate unique pairs for (FF, FR, RF, RR): (1, 23098, 3, 3)
[M::mem_pestat] skip orientation FF as there are not enough pairs
[M::mem_pestat] analyzing insert size distribution for orientation FR...
[M::mem_pestat] (25, 50, 75) percentile: (114, 152, 205)
[M::mem_pestat] low and high boundaries for computing mean and std.dev: (1, 387)
[M::mem_pestat] mean and std.dev: (163.24, 65.44)
[M::mem_pestat] low and high boundaries for proper pairs: (1, 478)
[M::mem_pestat] skip orientation RF as there are not enough pairs
[M::mem_pestat] skip orientation RR as there are not enough pairs
[M::mem_process_seqs] Processed 548516 reads in 114.421 CPU sec, 28.144 real sec
[M::process] read 548012 sequences (40000101 bp)...
[M::mem_pestat] # candidate unique pairs for (FF, FR, RF, RR): (0, 23260, 11, 0)
[M::mem_pestat] skip orientation FF as there are not enough pairs
[M::mem_pestat] analyzing insert size distribution for orientation FR...
[M::mem_pestat] (25, 50, 75) percentile: (115, 153, 205)
[M::mem_pestat] low and high boundaries for computing mean and std.dev: (1, 385)
[M::mem_pestat] mean and std.dev: (163.18, 65.22)
[M::mem_pestat] low and high boundaries for proper pairs: (1, 475)
[M::mem_pestat] analyzing insert size distribution for orientation RF...
[M::mem_pestat] (25, 50, 75) percentile: (368, 1952, 2452)
[M::mem_pestat] low and high boundaries for computing mean and std.dev: (1, 6620)
[M::mem_pestat] mean and std.dev: (1519.64, 1132.22)
[M::mem_pestat] low and high boundaries for proper pairs: (1, 8704)
[M::mem_pestat] skip orientation RR as there are not enough pairs
[M::mem_pestat] skip orientation RF
[M::mem_process_seqs] Processed 548018 reads in 111.338 CPU sec, 27.405 real sec
[M::process] read 548128 sequences (40000046 bp)...
[M::mem_pestat] # candidate unique pairs for (FF, FR, RF, RR): (2, 23515, 3, 3)
[M::mem_pestat] skip orientation FF as there are not enough pairs
[M::mem_pestat] analyzing insert size distribution for orientation FR...
[M::mem_pestat] (25, 50, 75) percentile: (115, 153, 206)
[M::mem_pestat] low and high boundaries for computing mean and std.dev: (1, 388)
[M::mem_pestat] mean and std.dev: (163.59, 65.69)
[M::mem_pestat] low and high boundaries for proper pairs: (1, 479)
[M::mem_pestat] skip orientation RF as there are not enough pairs
[M::mem_pestat] skip orientation RR as there are not enough pairs
[M::mem_process_seqs] Processed 548012 reads in 109.914 CPU sec, 27.125 real sec
[M::process] read 548204 sequences (40000135 bp)...
[M::mem_pestat] # candidate unique pairs for (FF, FR, RF, RR): (1, 23447, 6, 2)
[M::mem_pestat] skip orientation FF as there are not enough pairs
[M::mem_pestat] analyzing insert size distribution for orientation FR...
[M::mem_pestat] (25, 50, 75) percentile: (114, 151, 204)
[M::mem_pestat] low and high boundaries for computing mean and std.dev: (1, 384)
[M::mem_pestat] mean and std.dev: (162.13, 64.55)
[M::mem_pestat] low and high boundaries for proper pairs: (1, 474)
[M::mem_pestat] skip orientation RF as there are not enough pairs
[M::mem_pestat] skip orientation RR as there are not enough pairs
[M::mem_process_seqs] Processed 548128 reads in 112.104 CPU sec, 27.701 real sec
[M::process] read 548062 sequences (40000137 bp)...
[M::mem_pestat] # candidate unique pairs for (FF, FR, RF, RR): (4, 23286, 10, 4)
[M::mem_pestat] skip orientation FF as there are not enough pairs
[M::mem_pestat] analyzing insert size distribution for orientation FR...
[M::mem_pestat] (25, 50, 75) percentile: (115, 153, 206)
[M::mem_pestat] low and high boundaries for computing mean and std.dev: (1, 388)
[M::mem_pestat] mean and std.dev: (163.71, 65.24)
[M::mem_pestat] low and high boundaries for proper pairs: (1, 479)
[M::mem_pestat] analyzing insert size distribution for orientation RF...
[M::mem_pestat] (25, 50, 75) percentile: (82, 158, 1535)
[M::mem_pestat] low and high boundaries for computing mean and std.dev: (1, 4441)
[M::mem_pestat] mean and std.dev: (816.80, 1171.88)
[M::mem_pestat] low and high boundaries for proper pairs: (1, 5894)
[M::mem_pestat] skip orientation RR as there are not enough pairs
[M::mem_pestat] skip orientation RF
[M::mem_process_seqs] Processed 548204 reads in 114.039 CPU sec, 28.160 real sec
[M::process] read 547884 sequences (40000105 bp)...
[M::mem_pestat] # candidate unique pairs for (FF, FR, RF, RR): (1, 23290, 9, 2)
[M::mem_pestat] skip orientation FF as there are not enough pairs
[M::mem_pestat] analyzing insert size distribution for orientation FR...
[M::mem_pestat] (25, 50, 75) percentile: (115, 152, 204)
[M::mem_pestat] low and high boundaries for computing mean and std.dev: (1, 382)
[M::mem_pestat] mean and std.dev: (162.49, 64.57)
[M::mem_pestat] low and high boundaries for proper pairs: (1, 471)
[M::mem_pestat] skip orientation RF as there are not enough pairs
[M::mem_pestat] skip orientation RR as there are not enough pairs
[M::mem_process_seqs] Processed 548062 reads in 114.009 CPU sec, 28.096 real sec
[M::process] read 548402 sequences (40000124 bp)...
[M::mem_pestat] # candidate unique pairs for (FF, FR, RF, RR): (3, 23453, 5, 3)
[M::mem_pestat] skip orientation FF as there are not enough pairs
[M::mem_pestat] analyzing insert size distribution for orientation FR...
[M::mem_pestat] (25, 50, 75) percentile: (114, 152, 203)
[M::mem_pestat] low and high boundaries for computing mean and std.dev: (1, 381)
[M::mem_pestat] mean and std.dev: (162.36, 64.95)
[M::mem_pestat] low and high boundaries for proper pairs: (1, 470)
[M::mem_pestat] skip orientation RF as there are not enough pairs
[M::mem_pestat] skip orientation RR as there are not enough pairs
[M::mem_process_seqs] Processed 547884 reads in 115.419 CPU sec, 28.598 real sec
[M::process] read 548050 sequences (40000111 bp)...
[M::mem_pestat] # candidate unique pairs for (FF, FR, RF, RR): (1, 23369, 5, 3)
[M::mem_pestat] skip orientation FF as there are not enough pairs
[M::mem_pestat] analyzing insert size distribution for orientation FR...
[M::mem_pestat] (25, 50, 75) percentile: (114, 151, 203)
[M::mem_pestat] low and high boundaries for computing mean and std.dev: (1, 381)
[M::mem_pestat] mean and std.dev: (162.15, 64.47)
[M::mem_pestat] low and high boundaries for proper pairs: (1, 470)
[M::mem_pestat] skip orientation RF as there are not enough pairs
[M::mem_pestat] skip orientation RR as there are not enough pairs
[M::mem_process_seqs] Processed 548402 reads in 116.339 CPU sec, 28.701 real sec
[M::process] read 548372 sequences (40000045 bp)...
[M::mem_pestat] # candidate unique pairs for (FF, FR, RF, RR): (3, 22975, 8, 2)
[M::mem_pestat] skip orientation FF as there are not enough pairs
[M::mem_pestat] analyzing insert size distribution for orientation FR...
[M::mem_pestat] (25, 50, 75) percentile: (114, 151, 204)
[M::mem_pestat] low and high boundaries for computing mean and std.dev: (1, 384)
[M::mem_pestat] mean and std.dev: (162.16, 64.95)
[M::mem_pestat] low and high boundaries for proper pairs: (1, 474)
[M::mem_pestat] skip orientation RF as there are not enough pairs
[M::mem_pestat] skip orientation RR as there are not enough pairs
[M::mem_process_seqs] Processed 548050 reads in 116.661 CPU sec, 28.783 real sec
[M::process] read 547740 sequences (40000059 bp)...
[M::mem_pestat] # candidate unique pairs for (FF, FR, RF, RR): (1, 23403, 5, 0)
[M::mem_pestat] skip orientation FF as there are not enough pairs
[M::mem_pestat] analyzing insert size distribution for orientation FR...
[M::mem_pestat] (25, 50, 75) percentile: (114, 151, 204)
[M::mem_pestat] low and high boundaries for computing mean and std.dev: (1, 384)
[M::mem_pestat] mean and std.dev: (161.87, 65.18)
[M::mem_pestat] low and high boundaries for proper pairs: (1, 474)
[M::mem_pestat] skip orientation RF as there are not enough pairs
[M::mem_pestat] skip orientation RR as there are not enough pairs
[M::mem_process_seqs] Processed 548372 reads in 113.815 CPU sec, 28.121 real sec
[M::process] read 547876 sequences (40000045 bp)...
[M::mem_pestat] # candidate unique pairs for (FF, FR, RF, RR): (5, 23088, 7, 2)
[M::mem_pestat] skip orientation FF as there are not enough pairs
[M::mem_pestat] analyzing insert size distribution for orientation FR...
[M::mem_pestat] (25, 50, 75) percentile: (114, 152, 203)
[M::mem_pestat] low and high boundaries for computing mean and std.dev: (1, 381)
[M::mem_pestat] mean and std.dev: (162.18, 64.48)
[M::mem_pestat] low and high boundaries for proper pairs: (1, 470)
[M::mem_pestat] skip orientation RF as there are not enough pairs
[M::mem_pestat] skip orientation RR as there are not enough pairs
[M::mem_process_seqs] Processed 547740 reads in 113.805 CPU sec, 27.946 real sec
[M::process] read 547302 sequences (40000041 bp)...
[M::mem_pestat] # candidate unique pairs for (FF, FR, RF, RR): (4, 23405, 5, 0)
[M::mem_pestat] skip orientation FF as there are not enough pairs
[M::mem_pestat] analyzing insert size distribution for orientation FR...
[M::mem_pestat] (25, 50, 75) percentile: (114, 152, 204)
[M::mem_pestat] low and high boundaries for computing mean and std.dev: (1, 384)
[M::mem_pestat] mean and std.dev: (162.73, 65.34)
[M::mem_pestat] low and high boundaries for proper pairs: (1, 474)
[M::mem_pestat] skip orientation RF as there are not enough pairs
[M::mem_pestat] skip orientation RR as there are not enough pairs
[M::mem_process_seqs] Processed 547876 reads in 114.404 CPU sec, 28.209 real sec
[M::process] read 547076 sequences (40000076 bp)...
[M::mem_pestat] # candidate unique pairs for (FF, FR, RF, RR): (1, 23060, 3, 3)
[M::mem_pestat] skip orientation FF as there are not enough pairs
[M::mem_pestat] analyzing insert size distribution for orientation FR...
[M::mem_pestat] (25, 50, 75) percentile: (115, 152, 203)
[M::mem_pestat] low and high boundaries for computing mean and std.dev: (1, 379)
[M::mem_pestat] mean and std.dev: (162.49, 64.61)
[M::mem_pestat] low and high boundaries for proper pairs: (1, 467)
[M::mem_pestat] skip orientation RF as there are not enough pairs
[M::mem_pestat] skip orientation RR as there are not enough pairs
[M::mem_process_seqs] Processed 547302 reads in 113.707 CPU sec, 28.049 real sec
[M::process] read 547264 sequences (40000092 bp)...
[M::mem_pestat] # candidate unique pairs for (FF, FR, RF, RR): (1, 23154, 7, 1)
[M::mem_pestat] skip orientation FF as there are not enough pairs
[M::mem_pestat] analyzing insert size distribution for orientation FR...
[M::mem_pestat] (25, 50, 75) percentile: (114, 151, 202)
[M::mem_pestat] low and high boundaries for computing mean and std.dev: (1, 378)
[M::mem_pestat] mean and std.dev: (161.46, 64.45)
[M::mem_pestat] low and high boundaries for proper pairs: (1, 466)
[M::mem_pestat] skip orientation RF as there are not enough pairs
[M::mem_pestat] skip orientation RR as there are not enough pairs
[M::mem_process_seqs] Processed 547076 reads in 112.369 CPU sec, 27.765 real sec
[M::process] read 547388 sequences (40000148 bp)...
[M::mem_pestat] # candidate unique pairs for (FF, FR, RF, RR): (0, 23211, 8, 1)
[M::mem_pestat] skip orientation FF as there are not enough pairs
[M::mem_pestat] analyzing insert size distribution for orientation FR...
[M::mem_pestat] (25, 50, 75) percentile: (115, 152, 202)
[M::mem_pestat] low and high boundaries for computing mean and std.dev: (1, 376)
[M::mem_pestat] mean and std.dev: (161.80, 63.49)
[M::mem_pestat] low and high boundaries for proper pairs: (1, 463)
[M::mem_pestat] skip orientation RF as there are not enough pairs
[M::mem_pestat] skip orientation RR as there are not enough pairs
[M::mem_process_seqs] Processed 547264 reads in 126.597 CPU sec, 31.474 real sec
[M::process] read 547710 sequences (40000075 bp)...
[M::mem_pestat] # candidate unique pairs for (FF, FR, RF, RR): (2, 23310, 9, 2)
[M::mem_pestat] skip orientation FF as there are not enough pairs
[M::mem_pestat] analyzing insert size distribution for orientation FR...
[M::mem_pestat] (25, 50, 75) percentile: (114, 151, 203)
[M::mem_pestat] low and high boundaries for computing mean and std.dev: (1, 381)
[M::mem_pestat] mean and std.dev: (162.46, 65.15)
[M::mem_pestat] low and high boundaries for proper pairs: (1, 470)
[M::mem_pestat] skip orientation RF as there are not enough pairs
[M::mem_pestat] skip orientation RR as there are not enough pairs
[M::mem_process_seqs] Processed 547388 reads in 143.824 CPU sec, 35.555 real sec
[M::process] read 547550 sequences (40000045 bp)...
[M::mem_pestat] # candidate unique pairs for (FF, FR, RF, RR): (2, 23433, 7, 2)
[M::mem_pestat] skip orientation FF as there are not enough pairs
[M::mem_pestat] analyzing insert size distribution for orientation FR...
[M::mem_pestat] (25, 50, 75) percentile: (115, 152, 204)
[M::mem_pestat] low and high boundaries for computing mean and std.dev: (1, 382)
[M::mem_pestat] mean and std.dev: (162.76, 64.76)
[M::mem_pestat] low and high boundaries for proper pairs: (1, 471)
[M::mem_pestat] skip orientation RF as there are not enough pairs
[M::mem_pestat] skip orientation RR as there are not enough pairs
[M::mem_process_seqs] Processed 547710 reads in 117.408 CPU sec, 28.965 real sec
[M::process] read 547848 sequences (40000123 bp)...
[M::mem_pestat] # candidate unique pairs for (FF, FR, RF, RR): (2, 23395, 7, 0)
[M::mem_pestat] skip orientation FF as there are not enough pairs
[M::mem_pestat] analyzing insert size distribution for orientation FR...
[M::mem_pestat] (25, 50, 75) percentile: (114, 152, 204)
[M::mem_pestat] low and high boundaries for computing mean and std.dev: (1, 384)
[M::mem_pestat] mean and std.dev: (162.83, 65.37)
[M::mem_pestat] low and high boundaries for proper pairs: (1, 474)
[M::mem_pestat] skip orientation RF as there are not enough pairs
[M::mem_pestat] skip orientation RR as there are not enough pairs
[M::mem_process_seqs] Processed 547550 reads in 114.726 CPU sec, 28.159 real sec
[M::process] read 547582 sequences (40000056 bp)...
[M::mem_pestat] # candidate unique pairs for (FF, FR, RF, RR): (5, 23478, 6, 0)
[M::mem_pestat] skip orientation FF as there are not enough pairs
[M::mem_pestat] analyzing insert size distribution for orientation FR...
[M::mem_pestat] (25, 50, 75) percentile: (115, 153, 204)
[M::mem_pestat] low and high boundaries for computing mean and std.dev: (1, 382)
[M::mem_pestat] mean and std.dev: (162.87, 64.59)
[M::mem_pestat] low and high boundaries for proper pairs: (1, 471)
[M::mem_pestat] skip orientation RF as there are not enough pairs
[M::mem_pestat] skip orientation RR as there are not enough pairs
[M::mem_process_seqs] Processed 547848 reads in 112.797 CPU sec, 27.843 real sec
[M::process] read 547182 sequences (40000014 bp)...
[M::mem_pestat] # candidate unique pairs for (FF, FR, RF, RR): (1, 23225, 8, 1)
[M::mem_pestat] skip orientation FF as there are not enough pairs
[M::mem_pestat] analyzing insert size distribution for orientation FR...
[M::mem_pestat] (25, 50, 75) percentile: (114, 152, 202)
[M::mem_pestat] low and high boundaries for computing mean and std.dev: (1, 378)
[M::mem_pestat] mean and std.dev: (161.79, 64.13)
[M::mem_pestat] low and high boundaries for proper pairs: (1, 466)
[M::mem_pestat] skip orientation RF as there are not enough pairs
[M::mem_pestat] skip orientation RR as there are not enough pairs
[M::mem_process_seqs] Processed 547582 reads in 123.729 CPU sec, 30.704 real sec
[M::process] read 546650 sequences (40000143 bp)...
[M::mem_pestat] # candidate unique pairs for (FF, FR, RF, RR): (1, 23426, 8, 1)
[M::mem_pestat] skip orientation FF as there are not enough pairs
[M::mem_pestat] analyzing insert size distribution for orientation FR...
[M::mem_pestat] (25, 50, 75) percentile: (114, 151, 202)
[M::mem_pestat] low and high boundaries for computing mean and std.dev: (1, 378)
[M::mem_pestat] mean and std.dev: (161.31, 64.00)
[M::mem_pestat] low and high boundaries for proper pairs: (1, 466)
[M::mem_pestat] skip orientation RF as there are not enough pairs
[M::mem_pestat] skip orientation RR as there are not enough pairs
[M::mem_process_seqs] Processed 547182 reads in 159.789 CPU sec, 39.613 real sec
[M::process] read 546576 sequences (40000106 bp)...
[M::mem_pestat] # candidate unique pairs for (FF, FR, RF, RR): (1, 23404, 8, 1)
[M::mem_pestat] skip orientation FF as there are not enough pairs
[M::mem_pestat] analyzing insert size distribution for orientation FR...
[M::mem_pestat] (25, 50, 75) percentile: (114, 152, 202)
[M::mem_pestat] low and high boundaries for computing mean and std.dev: (1, 378)
[M::mem_pestat] mean and std.dev: (161.52, 63.98)
[M::mem_pestat] low and high boundaries for proper pairs: (1, 466)
[M::mem_pestat] skip orientation RF as there are not enough pairs
[M::mem_pestat] skip orientation RR as there are not enough pairs
[M::mem_process_seqs] Processed 546650 reads in 142.077 CPU sec, 35.029 real sec
[M::process] read 546838 sequences (40000037 bp)...
[M::mem_pestat] # candidate unique pairs for (FF, FR, RF, RR): (1, 23313, 13, 2)
[M::mem_pestat] skip orientation FF as there are not enough pairs
[M::mem_pestat] analyzing insert size distribution for orientation FR...
[M::mem_pestat] (25, 50, 75) percentile: (114, 151, 202)
[M::mem_pestat] low and high boundaries for computing mean and std.dev: (1, 378)
[M::mem_pestat] mean and std.dev: (161.62, 64.02)
[M::mem_pestat] low and high boundaries for proper pairs: (1, 466)
[M::mem_pestat] analyzing insert size distribution for orientation RF...
[M::mem_pestat] (25, 50, 75) percentile: (43, 336, 1809)
[M::mem_pestat] low and high boundaries for computing mean and std.dev: (1, 5341)
[M::mem_pestat] mean and std.dev: (613.33, 863.89)
[M::mem_pestat] low and high boundaries for proper pairs: (1, 7107)
[M::mem_pestat] skip orientation RR as there are not enough pairs
[M::mem_pestat] skip orientation RF
[M::mem_process_seqs] Processed 546576 reads in 127.724 CPU sec, 31.561 real sec
[M::process] read 546776 sequences (40000054 bp)...
[M::mem_pestat] # candidate unique pairs for (FF, FR, RF, RR): (7, 23395, 9, 0)
[M::mem_pestat] skip orientation FF as there are not enough pairs
[M::mem_pestat] analyzing insert size distribution for orientation FR...
[M::mem_pestat] (25, 50, 75) percentile: (114, 152, 203)
[M::mem_pestat] low and high boundaries for computing mean and std.dev: (1, 381)
[M::mem_pestat] mean and std.dev: (161.90, 63.65)
[M::mem_pestat] low and high boundaries for proper pairs: (1, 470)
[M::mem_pestat] skip orientation RF as there are not enough pairs
[M::mem_pestat] skip orientation RR as there are not enough pairs
[M::mem_process_seqs] Processed 546838 reads in 128.655 CPU sec, 31.834 real sec
[M::process] read 545826 sequences (40000001 bp)...
[M::mem_pestat] # candidate unique pairs for (FF, FR, RF, RR): (2, 23572, 4, 2)
[M::mem_pestat] skip orientation FF as there are not enough pairs
[M::mem_pestat] analyzing insert size distribution for orientation FR...
[M::mem_pestat] (25, 50, 75) percentile: (114, 152, 203)
[M::mem_pestat] low and high boundaries for computing mean and std.dev: (1, 381)
[M::mem_pestat] mean and std.dev: (161.54, 63.98)
[M::mem_pestat] low and high boundaries for proper pairs: (1, 470)
[M::mem_pestat] skip orientation RF as there are not enough pairs
[M::mem_pestat] skip orientation RR as there are not enough pairs
[M::mem_process_seqs] Processed 546776 reads in 142.022 CPU sec, 35.117 real sec
[M::process] read 545594 sequences (40000128 bp)...
[M::mem_pestat] # candidate unique pairs for (FF, FR, RF, RR): (1, 23349, 9, 1)
[M::mem_pestat] skip orientation FF as there are not enough pairs
[M::mem_pestat] analyzing insert size distribution for orientation FR...
[M::mem_pestat] (25, 50, 75) percentile: (114, 152, 204)
[M::mem_pestat] low and high boundaries for computing mean and std.dev: (1, 384)
[M::mem_pestat] mean and std.dev: (162.51, 64.87)
[M::mem_pestat] low and high boundaries for proper pairs: (1, 474)
[M::mem_pestat] skip orientation RF as there are not enough pairs
[M::mem_pestat] skip orientation RR as there are not enough pairs
[M::mem_process_seqs] Processed 545826 reads in 174.469 CPU sec, 43.236 real sec
[M::process] read 545936 sequences (40000008 bp)...
[M::mem_pestat] # candidate unique pairs for (FF, FR, RF, RR): (4, 23095, 6, 1)
[M::mem_pestat] skip orientation FF as there are not enough pairs
[M::mem_pestat] analyzing insert size distribution for orientation FR...
[M::mem_pestat] (25, 50, 75) percentile: (114, 152, 203)
[M::mem_pestat] low and high boundaries for computing mean and std.dev: (1, 381)
[M::mem_pestat] mean and std.dev: (161.93, 64.60)
[M::mem_pestat] low and high boundaries for proper pairs: (1, 470)
[M::mem_pestat] skip orientation RF as there are not enough pairs
[M::mem_pestat] skip orientation RR as there are not enough pairs
[M::mem_process_seqs] Processed 545594 reads in 150.837 CPU sec, 37.208 real sec
[M::process] read 546166 sequences (40000077 bp)...
[M::mem_pestat] # candidate unique pairs for (FF, FR, RF, RR): (0, 23466, 2, 1)
[M::mem_pestat] skip orientation FF as there are not enough pairs
[M::mem_pestat] analyzing insert size distribution for orientation FR...
[M::mem_pestat] (25, 50, 75) percentile: (114, 151, 202)
[M::mem_pestat] low and high boundaries for computing mean and std.dev: (1, 378)
[M::mem_pestat] mean and std.dev: (161.50, 64.38)
[M::mem_pestat] low and high boundaries for proper pairs: (1, 466)
[M::mem_pestat] skip orientation RF as there are not enough pairs
[M::mem_pestat] skip orientation RR as there are not enough pairs
[M::mem_process_seqs] Processed 545936 reads in 142.705 CPU sec, 35.264 real sec
[M::process] read 546482 sequences (40000013 bp)...
[M::mem_pestat] # candidate unique pairs for (FF, FR, RF, RR): (2, 23214, 7, 0)
[M::mem_pestat] skip orientation FF as there are not enough pairs
[M::mem_pestat] analyzing insert size distribution for orientation FR...
[M::mem_pestat] (25, 50, 75) percentile: (114, 152, 203)
[M::mem_pestat] low and high boundaries for computing mean and std.dev: (1, 381)
[M::mem_pestat] mean and std.dev: (161.71, 64.05)
[M::mem_pestat] low and high boundaries for proper pairs: (1, 470)
[M::mem_pestat] skip orientation RF as there are not enough pairs
[M::mem_pestat] skip orientation RR as there are not enough pairs
[M::mem_process_seqs] Processed 546166 reads in 148.310 CPU sec, 36.676 real sec
[M::process] read 545782 sequences (40000115 bp)...
[M::mem_pestat] # candidate unique pairs for (FF, FR, RF, RR): (4, 23365, 8, 2)
[M::mem_pestat] skip orientation FF as there are not enough pairs
[M::mem_pestat] analyzing insert size distribution for orientation FR...
[M::mem_pestat] (25, 50, 75) percentile: (114, 151, 200)
[M::mem_pestat] low and high boundaries for computing mean and std.dev: (1, 372)
[M::mem_pestat] mean and std.dev: (160.41, 62.87)
[M::mem_pestat] low and high boundaries for proper pairs: (1, 458)
[M::mem_pestat] skip orientation RF as there are not enough pairs
[M::mem_pestat] skip orientation RR as there are not enough pairs
[M::mem_process_seqs] Processed 546482 reads in 137.504 CPU sec, 33.970 real sec
[M::process] read 545942 sequences (40000118 bp)...
[M::mem_pestat] # candidate unique pairs for (FF, FR, RF, RR): (3, 23075, 4, 0)
[M::mem_pestat] skip orientation FF as there are not enough pairs
[M::mem_pestat] analyzing insert size distribution for orientation FR...
[M::mem_pestat] (25, 50, 75) percentile: (114, 151, 202)
[M::mem_pestat] low and high boundaries for computing mean and std.dev: (1, 378)
[M::mem_pestat] mean and std.dev: (161.30, 64.16)
[M::mem_pestat] low and high boundaries for proper pairs: (1, 466)
[M::mem_pestat] skip orientation RF as there are not enough pairs
[M::mem_pestat] skip orientation RR as there are not enough pairs
[M::mem_process_seqs] Processed 545782 reads in 127.742 CPU sec, 31.583 real sec
[M::process] read 547226 sequences (40000040 bp)...
[M::mem_pestat] # candidate unique pairs for (FF, FR, RF, RR): (2, 23343, 7, 1)
[M::mem_pestat] skip orientation FF as there are not enough pairs
[M::mem_pestat] analyzing insert size distribution for orientation FR...
[M::mem_pestat] (25, 50, 75) percentile: (114, 152, 202)
[M::mem_pestat] low and high boundaries for computing mean and std.dev: (1, 378)
[M::mem_pestat] mean and std.dev: (161.56, 63.53)
[M::mem_pestat] low and high boundaries for proper pairs: (1, 466)
[M::mem_pestat] skip orientation RF as there are not enough pairs
[M::mem_pestat] skip orientation RR as there are not enough pairs
[M::mem_process_seqs] Processed 545942 reads in 127.132 CPU sec, 31.394 real sec
[M::process] read 547796 sequences (40000002 bp)...
[M::mem_pestat] # candidate unique pairs for (FF, FR, RF, RR): (3, 23248, 9, 0)
[M::mem_pestat] skip orientation FF as there are not enough pairs
[M::mem_pestat] analyzing insert size distribution for orientation FR...
[M::mem_pestat] (25, 50, 75) percentile: (114, 151, 202)
[M::mem_pestat] low and high boundaries for computing mean and std.dev: (1, 378)
[M::mem_pestat] mean and std.dev: (161.10, 63.87)
[M::mem_pestat] low and high boundaries for proper pairs: (1, 466)
[M::mem_pestat] skip orientation RF as there are not enough pairs
[M::mem_pestat] skip orientation RR as there are not enough pairs
[M::mem_process_seqs] Processed 547226 reads in 128.454 CPU sec, 31.752 real sec
[M::process] read 547822 sequences (40000130 bp)...
[M::mem_pestat] # candidate unique pairs for (FF, FR, RF, RR): (1, 23329, 10, 2)
[M::mem_pestat] skip orientation FF as there are not enough pairs
[M::mem_pestat] analyzing insert size distribution for orientation FR...
[M::mem_pestat] (25, 50, 75) percentile: (114, 150, 202)
[M::mem_pestat] low and high boundaries for computing mean and std.dev: (1, 378)
[M::mem_pestat] mean and std.dev: (160.88, 63.44)
[M::mem_pestat] low and high boundaries for proper pairs: (1, 466)
[M::mem_pestat] analyzing insert size distribution for orientation RF...
[M::mem_pestat] (25, 50, 75) percentile: (106, 1959, 2270)
[M::mem_pestat] low and high boundaries for computing mean and std.dev: (1, 6598)
[M::mem_pestat] mean and std.dev: (1010.62, 949.37)
[M::mem_pestat] low and high boundaries for proper pairs: (1, 8762)
[M::mem_pestat] skip orientation RR as there are not enough pairs
[M::mem_pestat] skip orientation RF
[M::mem_process_seqs] Processed 547796 reads in 125.897 CPU sec, 31.088 real sec
[M::process] read 547756 sequences (40000031 bp)...
[M::mem_pestat] # candidate unique pairs for (FF, FR, RF, RR): (2, 23182, 5, 1)
[M::mem_pestat] skip orientation FF as there are not enough pairs
[M::mem_pestat] analyzing insert size distribution for orientation FR...
[M::mem_pestat] (25, 50, 75) percentile: (114, 152, 202)
[M::mem_pestat] low and high boundaries for computing mean and std.dev: (1, 378)
[M::mem_pestat] mean and std.dev: (161.81, 64.31)
[M::mem_pestat] low and high boundaries for proper pairs: (1, 466)
[M::mem_pestat] skip orientation RF as there are not enough pairs
[M::mem_pestat] skip orientation RR as there are not enough pairs
[M::mem_process_seqs] Processed 547822 reads in 128.282 CPU sec, 31.478 real sec
[M::process] read 548984 sequences (40000046 bp)...
[M::mem_pestat] # candidate unique pairs for (FF, FR, RF, RR): (3, 23244, 11, 3)
[M::mem_pestat] skip orientation FF as there are not enough pairs
[M::mem_pestat] analyzing insert size distribution for orientation FR...
[M::mem_pestat] (25, 50, 75) percentile: (114, 151, 202)
[M::mem_pestat] low and high boundaries for computing mean and std.dev: (1, 378)
[M::mem_pestat] mean and std.dev: (161.13, 63.59)
[M::mem_pestat] low and high boundaries for proper pairs: (1, 466)
[M::mem_pestat] analyzing insert size distribution for orientation RF...
[M::mem_pestat] (25, 50, 75) percentile: (55, 621, 1959)
[M::mem_pestat] low and high boundaries for computing mean and std.dev: (1, 5767)
[M::mem_pestat] mean and std.dev: (1007.09, 996.21)
[M::mem_pestat] low and high boundaries for proper pairs: (1, 7671)
[M::mem_pestat] skip orientation RR as there are not enough pairs
[M::mem_pestat] skip orientation RF
[M::mem_process_seqs] Processed 547756 reads in 145.715 CPU sec, 36.006 real sec
[M::process] read 550266 sequences (40000128 bp)...
[M::mem_pestat] # candidate unique pairs for (FF, FR, RF, RR): (1, 23229, 6, 4)
[M::mem_pestat] skip orientation FF as there are not enough pairs
[M::mem_pestat] analyzing insert size distribution for orientation FR...
[M::mem_pestat] (25, 50, 75) percentile: (115, 152, 203)
[M::mem_pestat] low and high boundaries for computing mean and std.dev: (1, 379)
[M::mem_pestat] mean and std.dev: (161.91, 63.22)
[M::mem_pestat] low and high boundaries for proper pairs: (1, 467)
[M::mem_pestat] skip orientation RF as there are not enough pairs
[M::mem_pestat] skip orientation RR as there are not enough pairs
[M::mem_process_seqs] Processed 548984 reads in 151.517 CPU sec, 37.288 real sec
[M::mem_pestat] # candidate unique pairs for (FF, FR, RF, RR): (3, 23533, 7, 2)
[M::mem_pestat] skip orientation FF as there are not enough pairs
[M::mem_pestat] analyzing insert size distribution for orientation FR...
[M::mem_pestat] (25, 50, 75) percentile: (114, 151, 202)
[M::mem_pestat] low and high boundaries for computing mean and std.dev: (1, 378)
[M::mem_pestat] mean and std.dev: (161.21, 63.51)
[M::mem_pestat] low and high boundaries for proper pairs: (1, 466)
[M::mem_pestat] skip orientation RF as there are not enough pairs
[M::mem_pestat] skip orientation RR as there are not enough pairs
[M::mem_process_seqs] Processed 550266 reads in 155.701 CPU sec, 38.942 real sec
[M::process] read 558410 sequences (40000085 bp)...
[M::process] read 560906 sequences (40000030 bp)...
[M::mem_pestat] # candidate unique pairs for (FF, FR, RF, RR): (2, 23843, 6, 0)
[M::mem_pestat] skip orientation FF as there are not enough pairs
[M::mem_pestat] analyzing insert size distribution for orientation FR...
[M::mem_pestat] (25, 50, 75) percentile: (115, 153, 204)
[M::mem_pestat] low and high boundaries for computing mean and std.dev: (1, 382)
[M::mem_pestat] mean and std.dev: (163.13, 63.86)
[M::mem_pestat] low and high boundaries for proper pairs: (1, 471)
[M::mem_pestat] skip orientation RF as there are not enough pairs
[M::mem_pestat] skip orientation RR as there are not enough pairs
[M::mem_process_seqs] Processed 558410 reads in 152.042 CPU sec, 37.699 real sec
[M::process] read 558742 sequences (40000049 bp)...
[M::mem_pestat] # candidate unique pairs for (FF, FR, RF, RR): (1, 23937, 7, 3)
[M::mem_pestat] skip orientation FF as there are not enough pairs
[M::mem_pestat] analyzing insert size distribution for orientation FR...
[M::mem_pestat] (25, 50, 75) percentile: (115, 152, 202)
[M::mem_pestat] low and high boundaries for computing mean and std.dev: (1, 376)
[M::mem_pestat] mean and std.dev: (162.22, 62.63)
[M::mem_pestat] low and high boundaries for proper pairs: (1, 463)
[M::mem_pestat] skip orientation RF as there are not enough pairs
[M::mem_pestat] skip orientation RR as there are not enough pairs
[M::mem_process_seqs] Processed 560906 reads in 144.272 CPU sec, 35.542 real sec
[M::process] read 558792 sequences (40000105 bp)...
[M::mem_pestat] # candidate unique pairs for (FF, FR, RF, RR): (1, 23844, 0, 0)
[M::mem_pestat] skip orientation FF as there are not enough pairs
[M::mem_pestat] analyzing insert size distribution for orientation FR...
[M::mem_pestat] (25, 50, 75) percentile: (115, 152, 202)
[M::mem_pestat] low and high boundaries for computing mean and std.dev: (1, 376)
[M::mem_pestat] mean and std.dev: (161.90, 62.48)
[M::mem_pestat] low and high boundaries for proper pairs: (1, 463)
[M::mem_pestat] skip orientation RF as there are not enough pairs
[M::mem_pestat] skip orientation RR as there are not enough pairs
[M::mem_process_seqs] Processed 558742 reads in 123.704 CPU sec, 30.517 real sec
[M::process] read 558154 sequences (40000136 bp)...
[M::mem_pestat] # candidate unique pairs for (FF, FR, RF, RR): (0, 23524, 9, 0)
[M::mem_pestat] skip orientation FF as there are not enough pairs
[M::mem_pestat] analyzing insert size distribution for orientation FR...
[M::mem_pestat] (25, 50, 75) percentile: (115, 152, 203)
[M::mem_pestat] low and high boundaries for computing mean and std.dev: (1, 379)
[M::mem_pestat] mean and std.dev: (162.33, 63.35)
[M::mem_pestat] low and high boundaries for proper pairs: (1, 467)
[M::mem_pestat] skip orientation RF as there are not enough pairs
[M::mem_pestat] skip orientation RR as there are not enough pairs
[M::mem_process_seqs] Processed 558792 reads in 142.190 CPU sec, 35.262 real sec
[M::process] read 557452 sequences (40000025 bp)...
[M::mem_pestat] # candidate unique pairs for (FF, FR, RF, RR): (1, 23869, 8, 0)
[M::mem_pestat] skip orientation FF as there are not enough pairs
[M::mem_pestat] analyzing insert size distribution for orientation FR...
[M::mem_pestat] (25, 50, 75) percentile: (115, 153, 204)
[M::mem_pestat] low and high boundaries for computing mean and std.dev: (1, 382)
[M::mem_pestat] mean and std.dev: (163.17, 63.55)
[M::mem_pestat] low and high boundaries for proper pairs: (1, 471)
[M::mem_pestat] skip orientation RF as there are not enough pairs
[M::mem_pestat] skip orientation RR as there are not enough pairs
[M::mem_process_seqs] Processed 558154 reads in 145.969 CPU sec, 36.243 real sec
[M::process] read 556838 sequences (40000043 bp)...
[M::mem_pestat] # candidate unique pairs for (FF, FR, RF, RR): (2, 23487, 7, 1)
[M::mem_pestat] skip orientation FF as there are not enough pairs
[M::mem_pestat] analyzing insert size distribution for orientation FR...
[M::mem_pestat] (25, 50, 75) percentile: (116, 153, 204)
[M::mem_pestat] low and high boundaries for computing mean and std.dev: (1, 380)
[M::mem_pestat] mean and std.dev: (163.22, 63.56)
[M::mem_pestat] low and high boundaries for proper pairs: (1, 468)
[M::mem_pestat] skip orientation RF as there are not enough pairs
[M::mem_pestat] skip orientation RR as there are not enough pairs
[M::mem_process_seqs] Processed 557452 reads in 152.817 CPU sec, 37.785 real sec
[M::process] read 558220 sequences (40000023 bp)...
[M::mem_pestat] # candidate unique pairs for (FF, FR, RF, RR): (1, 23693, 9, 0)
[M::mem_pestat] skip orientation FF as there are not enough pairs
[M::mem_pestat] analyzing insert size distribution for orientation FR...
[M::mem_pestat] (25, 50, 75) percentile: (116, 154, 204)
[M::mem_pestat] low and high boundaries for computing mean and std.dev: (1, 380)
[M::mem_pestat] mean and std.dev: (163.32, 64.05)
[M::mem_pestat] low and high boundaries for proper pairs: (1, 468)
[M::mem_pestat] skip orientation RF as there are not enough pairs
[M::mem_pestat] skip orientation RR as there are not enough pairs
[M::mem_process_seqs] Processed 556838 reads in 130.252 CPU sec, 32.239 real sec
[M::process] read 556656 sequences (40000134 bp)...
[M::mem_pestat] # candidate unique pairs for (FF, FR, RF, RR): (0, 23857, 7, 0)
[M::mem_pestat] skip orientation FF as there are not enough pairs
[M::mem_pestat] analyzing insert size distribution for orientation FR...
[M::mem_pestat] (25, 50, 75) percentile: (116, 153, 205)
[M::mem_pestat] low and high boundaries for computing mean and std.dev: (1, 383)
[M::mem_pestat] mean and std.dev: (163.91, 63.91)
[M::mem_pestat] low and high boundaries for proper pairs: (1, 472)
[M::mem_pestat] skip orientation RF as there are not enough pairs
[M::mem_pestat] skip orientation RR as there are not enough pairs
[M::mem_process_seqs] Processed 558220 reads in 128.931 CPU sec, 31.836 real sec
[M::process] read 557442 sequences (40000014 bp)...
[M::mem_pestat] # candidate unique pairs for (FF, FR, RF, RR): (1, 23871, 2, 1)
[M::mem_pestat] skip orientation FF as there are not enough pairs
[M::mem_pestat] analyzing insert size distribution for orientation FR...
[M::mem_pestat] (25, 50, 75) percentile: (116, 154, 204)
[M::mem_pestat] low and high boundaries for computing mean and std.dev: (1, 380)
[M::mem_pestat] mean and std.dev: (163.44, 63.32)
[M::mem_pestat] low and high boundaries for proper pairs: (1, 468)
[M::mem_pestat] skip orientation RF as there are not enough pairs
[M::mem_pestat] skip orientation RR as there are not enough pairs
[M::mem_process_seqs] Processed 556656 reads in 171.476 CPU sec, 42.474 real sec
[M::process] read 558170 sequences (40000068 bp)...
[M::mem_pestat] # candidate unique pairs for (FF, FR, RF, RR): (3, 23563, 5, 2)
[M::mem_pestat] skip orientation FF as there are not enough pairs
[M::mem_pestat] analyzing insert size distribution for orientation FR...
[M::mem_pestat] (25, 50, 75) percentile: (116, 154, 205)
[M::mem_pestat] low and high boundaries for computing mean and std.dev: (1, 383)
[M::mem_pestat] mean and std.dev: (163.90, 63.94)
[M::mem_pestat] low and high boundaries for proper pairs: (1, 472)
[M::mem_pestat] skip orientation RF as there are not enough pairs
[M::mem_pestat] skip orientation RR as there are not enough pairs
[M::mem_process_seqs] Processed 557442 reads in 130.285 CPU sec, 32.194 real sec
[M::process] read 557472 sequences (40000003 bp)...
[M::mem_pestat] # candidate unique pairs for (FF, FR, RF, RR): (4, 23581, 6, 1)
[M::mem_pestat] skip orientation FF as there are not enough pairs
[M::mem_pestat] analyzing insert size distribution for orientation FR...
[M::mem_pestat] (25, 50, 75) percentile: (116, 155, 206)
[M::mem_pestat] low and high boundaries for computing mean and std.dev: (1, 386)
[M::mem_pestat] mean and std.dev: (165.16, 64.84)
[M::mem_pestat] low and high boundaries for proper pairs: (1, 476)
[M::mem_pestat] skip orientation RF as there are not enough pairs
[M::mem_pestat] skip orientation RR as there are not enough pairs
[M::mem_process_seqs] Processed 558170 reads in 156.197 CPU sec, 38.809 real sec
[M::process] read 557262 sequences (40000118 bp)...
[M::mem_pestat] # candidate unique pairs for (FF, FR, RF, RR): (2, 23806, 5, 0)
[M::mem_pestat] skip orientation FF as there are not enough pairs
[M::mem_pestat] analyzing insert size distribution for orientation FR...
[M::mem_pestat] (25, 50, 75) percentile: (117, 156, 208)
[M::mem_pestat] low and high boundaries for computing mean and std.dev: (1, 390)
[M::mem_pestat] mean and std.dev: (165.57, 64.66)
[M::mem_pestat] low and high boundaries for proper pairs: (1, 481)
[M::mem_pestat] skip orientation RF as there are not enough pairs
[M::mem_pestat] skip orientation RR as there are not enough pairs
[M::mem_process_seqs] Processed 557472 reads in 150.641 CPU sec, 36.987 real sec
[M::process] read 555732 sequences (40000099 bp)...
[M::mem_pestat] # candidate unique pairs for (FF, FR, RF, RR): (4, 23707, 8, 1)
[M::mem_pestat] skip orientation FF as there are not enough pairs
[M::mem_pestat] analyzing insert size distribution for orientation FR...
[M::mem_pestat] (25, 50, 75) percentile: (117, 155, 206)
[M::mem_pestat] low and high boundaries for computing mean and std.dev: (1, 384)
[M::mem_pestat] mean and std.dev: (164.80, 64.56)
[M::mem_pestat] low and high boundaries for proper pairs: (1, 473)
[M::mem_pestat] skip orientation RF as there are not enough pairs
[M::mem_pestat] skip orientation RR as there are not enough pairs
[M::mem_process_seqs] Processed 557262 reads in 122.830 CPU sec, 30.082 real sec
[M::process] read 554336 sequences (40000079 bp)...
[M::mem_pestat] # candidate unique pairs for (FF, FR, RF, RR): (1, 23677, 4, 1)
[M::mem_pestat] skip orientation FF as there are not enough pairs
[M::mem_pestat] analyzing insert size distribution for orientation FR...
[M::mem_pestat] (25, 50, 75) percentile: (116, 155, 206)
[M::mem_pestat] low and high boundaries for computing mean and std.dev: (1, 386)
[M::mem_pestat] mean and std.dev: (164.63, 64.42)
[M::mem_pestat] low and high boundaries for proper pairs: (1, 476)
[M::mem_pestat] skip orientation RF as there are not enough pairs
[M::mem_pestat] skip orientation RR as there are not enough pairs
[M::mem_process_seqs] Processed 555732 reads in 122.237 CPU sec, 30.046 real sec
[M::process] read 553438 sequences (40000056 bp)...
[M::mem_pestat] # candidate unique pairs for (FF, FR, RF, RR): (0, 23296, 8, 1)
[M::mem_pestat] skip orientation FF as there are not enough pairs
[M::mem_pestat] analyzing insert size distribution for orientation FR...
[M::mem_pestat] (25, 50, 75) percentile: (116, 155, 207)
[M::mem_pestat] low and high boundaries for computing mean and std.dev: (1, 389)
[M::mem_pestat] mean and std.dev: (164.96, 65.31)
[M::mem_pestat] low and high boundaries for proper pairs: (1, 480)
[M::mem_pestat] skip orientation RF as there are not enough pairs
[M::mem_pestat] skip orientation RR as there are not enough pairs
[M::mem_process_seqs] Processed 554336 reads in 117.947 CPU sec, 28.977 real sec
[M::process] read 553538 sequences (40000057 bp)...
[M::mem_pestat] # candidate unique pairs for (FF, FR, RF, RR): (2, 23659, 5, 3)
[M::mem_pestat] skip orientation FF as there are not enough pairs
[M::mem_pestat] analyzing insert size distribution for orientation FR...
[M::mem_pestat] (25, 50, 75) percentile: (115, 153, 205)
[M::mem_pestat] low and high boundaries for computing mean and std.dev: (1, 385)
[M::mem_pestat] mean and std.dev: (163.64, 64.57)
[M::mem_pestat] low and high boundaries for proper pairs: (1, 475)
[M::mem_pestat] skip orientation RF as there are not enough pairs
[M::mem_pestat] skip orientation RR as there are not enough pairs
[M::mem_process_seqs] Processed 553438 reads in 116.534 CPU sec, 28.621 real sec
[M::process] read 553888 sequences (40000055 bp)...
[M::mem_pestat] # candidate unique pairs for (FF, FR, RF, RR): (3, 23388, 9, 2)
[M::mem_pestat] skip orientation FF as there are not enough pairs
[M::mem_pestat] analyzing insert size distribution for orientation FR...
[M::mem_pestat] (25, 50, 75) percentile: (117, 153, 206)
[M::mem_pestat] low and high boundaries for computing mean and std.dev: (1, 384)
[M::mem_pestat] mean and std.dev: (164.44, 64.87)
[M::mem_pestat] low and high boundaries for proper pairs: (1, 473)
[M::mem_pestat] skip orientation RF as there are not enough pairs
[M::mem_pestat] skip orientation RR as there are not enough pairs
[M::mem_process_seqs] Processed 553538 reads in 124.838 CPU sec, 30.675 real sec
[M::process] read 552926 sequences (40000136 bp)...
[M::mem_pestat] # candidate unique pairs for (FF, FR, RF, RR): (2, 23580, 8, 1)
[M::mem_pestat] skip orientation FF as there are not enough pairs
[M::mem_pestat] analyzing insert size distribution for orientation FR...
[M::mem_pestat] (25, 50, 75) percentile: (116, 154, 205)
[M::mem_pestat] low and high boundaries for computing mean and std.dev: (1, 383)
[M::mem_pestat] mean and std.dev: (164.06, 64.53)
[M::mem_pestat] low and high boundaries for proper pairs: (1, 472)
[M::mem_pestat] skip orientation RF as there are not enough pairs
[M::mem_pestat] skip orientation RR as there are not enough pairs
[M::mem_process_seqs] Processed 553888 reads in 114.295 CPU sec, 28.090 real sec
[M::process] read 552714 sequences (40000036 bp)...
[M::mem_pestat] # candidate unique pairs for (FF, FR, RF, RR): (1, 23586, 3, 2)
[M::mem_pestat] skip orientation FF as there are not enough pairs
[M::mem_pestat] analyzing insert size distribution for orientation FR...
[M::mem_pestat] (25, 50, 75) percentile: (116, 155, 208)
[M::mem_pestat] low and high boundaries for computing mean and std.dev: (1, 392)
[M::mem_pestat] mean and std.dev: (165.56, 66.27)
[M::mem_pestat] low and high boundaries for proper pairs: (1, 484)
[M::mem_pestat] skip orientation RF as there are not enough pairs
[M::mem_pestat] skip orientation RR as there are not enough pairs
[M::mem_process_seqs] Processed 552926 reads in 122.572 CPU sec, 30.294 real sec
[M::process] read 552036 sequences (40000099 bp)...
[M::mem_pestat] # candidate unique pairs for (FF, FR, RF, RR): (2, 23691, 6, 2)
[M::mem_pestat] skip orientation FF as there are not enough pairs
[M::mem_pestat] analyzing insert size distribution for orientation FR...
[M::mem_pestat] (25, 50, 75) percentile: (116, 155, 205)
[M::mem_pestat] low and high boundaries for computing mean and std.dev: (1, 383)
[M::mem_pestat] mean and std.dev: (164.06, 64.50)
[M::mem_pestat] low and high boundaries for proper pairs: (1, 472)
[M::mem_pestat] skip orientation RF as there are not enough pairs
[M::mem_pestat] skip orientation RR as there are not enough pairs
[M::mem_process_seqs] Processed 552714 reads in 117.002 CPU sec, 28.694 real sec
[M::process] read 551748 sequences (40000085 bp)...
[M::mem_pestat] # candidate unique pairs for (FF, FR, RF, RR): (2, 23638, 7, 4)
[M::mem_pestat] skip orientation FF as there are not enough pairs
[M::mem_pestat] analyzing insert size distribution for orientation FR...
[M::mem_pestat] (25, 50, 75) percentile: (117, 154, 206)
[M::mem_pestat] low and high boundaries for computing mean and std.dev: (1, 384)
[M::mem_pestat] mean and std.dev: (164.63, 64.83)
[M::mem_pestat] low and high boundaries for proper pairs: (1, 473)
[M::mem_pestat] skip orientation RF as there are not enough pairs
[M::mem_pestat] skip orientation RR as there are not enough pairs
[M::mem_process_seqs] Processed 552036 reads in 112.339 CPU sec, 27.554 real sec
[M::process] read 551048 sequences (40000097 bp)...
[M::mem_pestat] # candidate unique pairs for (FF, FR, RF, RR): (3, 23717, 9, 2)
[M::mem_pestat] skip orientation FF as there are not enough pairs
[M::mem_pestat] analyzing insert size distribution for orientation FR...
[M::mem_pestat] (25, 50, 75) percentile: (116, 154, 206)
[M::mem_pestat] low and high boundaries for computing mean and std.dev: (1, 386)
[M::mem_pestat] mean and std.dev: (164.33, 65.65)
[M::mem_pestat] low and high boundaries for proper pairs: (1, 476)
[M::mem_pestat] skip orientation RF as there are not enough pairs
[M::mem_pestat] skip orientation RR as there are not enough pairs
[M::mem_process_seqs] Processed 551748 reads in 122.953 CPU sec, 30.190 real sec
[M::process] read 550330 sequences (40000029 bp)...
[M::mem_pestat] # candidate unique pairs for (FF, FR, RF, RR): (0, 23474, 7, 1)
[M::mem_pestat] skip orientation FF as there are not enough pairs
[M::mem_pestat] analyzing insert size distribution for orientation FR...
[M::mem_pestat] (25, 50, 75) percentile: (116, 154, 208)
[M::mem_pestat] low and high boundaries for computing mean and std.dev: (1, 392)
[M::mem_pestat] mean and std.dev: (165.23, 65.84)
[M::mem_pestat] low and high boundaries for proper pairs: (1, 484)
[M::mem_pestat] skip orientation RF as there are not enough pairs
[M::mem_pestat] skip orientation RR as there are not enough pairs
[M::mem_process_seqs] Processed 551048 reads in 120.257 CPU sec, 29.607 real sec
[M::mem_pestat] # candidate unique pairs for (FF, FR, RF, RR): (2, 23339, 2, 1)
[M::mem_pestat] skip orientation FF as there are not enough pairs
[M::mem_pestat] analyzing insert size distribution for orientation FR...
[M::mem_pestat] (25, 50, 75) percentile: (116, 154, 205)
[M::mem_pestat] low and high boundaries for computing mean and std.dev: (1, 383)
[M::mem_pestat] mean and std.dev: (164.08, 65.21)
[M::mem_pestat] low and high boundaries for proper pairs: (1, 472)
[M::mem_pestat] skip orientation RF as there are not enough pairs
[M::mem_pestat] skip orientation RR as there are not enough pairs
[M::process] read 550574 sequences (40000011 bp)...
[M::mem_process_seqs] Processed 550330 reads in 139.993 CPU sec, 34.803 real sec
[M::process] read 550824 sequences (40000027 bp)...
[M::mem_pestat] # candidate unique pairs for (FF, FR, RF, RR): (1, 22991, 11, 1)
[M::mem_pestat] skip orientation FF as there are not enough pairs
[M::mem_pestat] analyzing insert size distribution for orientation FR...
[M::mem_pestat] (25, 50, 75) percentile: (115, 153, 207)
[M::mem_pestat] low and high boundaries for computing mean and std.dev: (1, 391)
[M::mem_pestat] mean and std.dev: (164.51, 66.22)
[M::mem_pestat] low and high boundaries for proper pairs: (1, 483)
[M::mem_pestat] analyzing insert size distribution for orientation RF...
[M::mem_pestat] (25, 50, 75) percentile: (370, 586, 959)
[M::mem_pestat] low and high boundaries for computing mean and std.dev: (1, 2137)
[M::mem_pestat] mean and std.dev: (642.80, 561.81)
[M::mem_pestat] low and high boundaries for proper pairs: (1, 2890)
[M::mem_pestat] skip orientation RR as there are not enough pairs
[M::mem_pestat] skip orientation RF
[M::mem_process_seqs] Processed 550574 reads in 127.161 CPU sec, 203.455 real sec
[M::process] read 550816 sequences (40000067 bp)...
[M::mem_pestat] # candidate unique pairs for (FF, FR, RF, RR): (2, 23345, 7, 1)
[M::mem_pestat] skip orientation FF as there are not enough pairs
[M::mem_pestat] analyzing insert size distribution for orientation FR...
[M::mem_pestat] (25, 50, 75) percentile: (115, 154, 207)
[M::mem_pestat] low and high boundaries for computing mean and std.dev: (1, 391)
[M::mem_pestat] mean and std.dev: (164.63, 66.37)
[M::mem_pestat] low and high boundaries for proper pairs: (1, 483)
[M::mem_pestat] skip orientation RF as there are not enough pairs
[M::mem_pestat] skip orientation RR as there are not enough pairs
[M::mem_process_seqs] Processed 550824 reads in 120.134 CPU sec, 29.681 real sec
[M::process] read 474852 sequences (34500649 bp)...
[M::mem_pestat] # candidate unique pairs for (FF, FR, RF, RR): (3, 23213, 5, 3)
[M::mem_pestat] skip orientation FF as there are not enough pairs
[M::mem_pestat] analyzing insert size distribution for orientation FR...
[M::mem_pestat] (25, 50, 75) percentile: (116, 155, 208)
[M::mem_pestat] low and high boundaries for computing mean and std.dev: (1, 392)
[M::mem_pestat] mean and std.dev: (165.39, 66.30)
[M::mem_pestat] low and high boundaries for proper pairs: (1, 484)
[M::mem_pestat] skip orientation RF as there are not enough pairs
[M::mem_pestat] skip orientation RR as there are not enough pairs
[M::mem_process_seqs] Processed 550816 reads in 123.322 CPU sec, 30.407 real sec
[M::mem_pestat] # candidate unique pairs for (FF, FR, RF, RR): (0, 20297, 7, 0)
[M::mem_pestat] skip orientation FF as there are not enough pairs
[M::mem_pestat] analyzing insert size distribution for orientation FR...
[M::mem_pestat] (25, 50, 75) percentile: (115, 153, 205)
[M::mem_pestat] low and high boundaries for computing mean and std.dev: (1, 385)
[M::mem_pestat] mean and std.dev: (163.09, 64.88)
[M::mem_pestat] low and high boundaries for proper pairs: (1, 475)
[M::mem_pestat] skip orientation RF as there are not enough pairs
[M::mem_pestat] skip orientation RR as there are not enough pairs
[M::mem_process_seqs] Processed 474852 reads in 103.510 CPU sec, 25.751 real sec
[main] Version: 0.7.19-r1273
[main] CMD: bwa mem -t 4 -R @RG\tID:SRR098401\tSM:NA12878\tPL:ILLUMINA\tLB:lib1 ref/chr1.fa data/trimmed_R1.fastq.gz data/trimmed_R2.fastq.gz
[main] Real time: 9613.331 sec; CPU: 29813.028 sec
