Using GATK jar /home/ganapathirajan/miniconda3/envs/variantcalling_env/share/gatk4-4.6.2.0-1/gatk-package-4.6.2.0-local.jar
Running:
    java -Dsamjdk.use_async_io_read_samtools=false -Dsamjdk.use_async_io_write_samtools=true -Dsamjdk.use_async_io_write_tribble=false -Dsamjdk.compression_level=2 -jar /home/ganapathirajan/miniconda3/envs/variantcalling_env/share/gatk4-4.6.2.0-1/gatk-package-4.6.2.0-local.jar HaplotypeCaller -R ref/chr1.fa -I results/variants/dedup.bam -O results/variants/raw_variants.vcf --sample-name NA12878
06:22:04.139 INFO  NativeLibraryLoader - Loading libgkl_compression.so from jar:file:/home/ganapathirajan/miniconda3/envs/variantcalling_env/share/gatk4-4.6.2.0-1/gatk-package-4.6.2.0-local.jar!/com/intel/gkl/native/libgkl_compression.so
WARNING: A restricted method in java.lang.System has been called
WARNING: java.lang.System::load has been called by com.intel.gkl.NativeLibraryLoader in an unnamed module (file:/home/ganapathirajan/miniconda3/envs/variantcalling_env/share/gatk4-4.6.2.0-1/gatk-package-4.6.2.0-local.jar)
WARNING: Use --enable-native-access=ALL-UNNAMED to avoid a warning for callers in this module
WARNING: Restricted methods will be blocked in a future release unless native access is enabled

06:22:04.797 INFO  HaplotypeCaller - ------------------------------------------------------------
06:22:04.805 INFO  HaplotypeCaller - The Genome Analysis Toolkit (GATK) v4.6.2.0
06:22:04.805 INFO  HaplotypeCaller - For support and documentation go to https://software.broadinstitute.org/gatk/
06:22:04.806 INFO  HaplotypeCaller - Executing as ganapathirajan@GR on Linux v6.6.87.2-microsoft-standard-WSL2 amd64
06:22:04.806 INFO  HaplotypeCaller - Java runtime: OpenJDK 64-Bit Server VM v25.0.2-internal-adhoc.conda.src
06:22:04.807 INFO  HaplotypeCaller - Start Date/Time: May 22, 2026, 6:22:03 AM UTC
06:22:04.807 INFO  HaplotypeCaller - ------------------------------------------------------------
06:22:04.807 INFO  HaplotypeCaller - ------------------------------------------------------------
06:22:04.810 INFO  HaplotypeCaller - HTSJDK Version: 4.2.0
06:22:04.810 INFO  HaplotypeCaller - Picard Version: 3.4.0
06:22:04.811 INFO  HaplotypeCaller - Built for Spark Version: 3.5.0
06:22:04.814 INFO  HaplotypeCaller - HTSJDK Defaults.COMPRESSION_LEVEL : 2
06:22:04.815 INFO  HaplotypeCaller - HTSJDK Defaults.USE_ASYNC_IO_READ_FOR_SAMTOOLS : false
06:22:04.815 INFO  HaplotypeCaller - HTSJDK Defaults.USE_ASYNC_IO_WRITE_FOR_SAMTOOLS : true
06:22:04.816 INFO  HaplotypeCaller - HTSJDK Defaults.USE_ASYNC_IO_WRITE_FOR_TRIBBLE : false
06:22:04.817 INFO  HaplotypeCaller - Deflater: IntelDeflater
06:22:04.818 INFO  HaplotypeCaller - Inflater: IntelInflater
06:22:04.818 INFO  HaplotypeCaller - GCS max retries/reopens: 20
06:22:04.818 INFO  HaplotypeCaller - Requester pays: disabled
06:22:04.820 INFO  HaplotypeCaller - Initializing engine
06:22:05.290 INFO  HaplotypeCaller - Done initializing engine
06:22:05.316 INFO  NativeLibraryLoader - Loading libgkl_utils.so from jar:file:/home/ganapathirajan/miniconda3/envs/variantcalling_env/share/gatk4-4.6.2.0-1/gatk-package-4.6.2.0-local.jar!/com/intel/gkl/native/libgkl_utils.so
06:22:05.331 INFO  NativeLibraryLoader - Loading libgkl_smithwaterman.so from jar:file:/home/ganapathirajan/miniconda3/envs/variantcalling_env/share/gatk4-4.6.2.0-1/gatk-package-4.6.2.0-local.jar!/com/intel/gkl/native/libgkl_smithwaterman.so
06:22:05.334 INFO  SmithWatermanAligner - Using AVX accelerated SmithWaterman implementation
06:22:05.353 INFO  HaplotypeCallerEngine - Disabling physical phasing, which is supported only for reference-model confidence output
06:22:05.400 INFO  NativeLibraryLoader - Loading libgkl_pairhmm_omp.so from jar:file:/home/ganapathirajan/miniconda3/envs/variantcalling_env/share/gatk4-4.6.2.0-1/gatk-package-4.6.2.0-local.jar!/com/intel/gkl/native/libgkl_pairhmm_omp.so
06:22:05.438 INFO  IntelPairHmm - Flush-to-zero (FTZ) is enabled when running PairHMM
06:22:05.440 INFO  IntelPairHmm - Available threads: 12
06:22:05.441 INFO  IntelPairHmm - Requested threads: 4
06:22:05.441 INFO  PairHMM - Using the OpenMP multi-threaded AVX-accelerated native PairHMM implementation
06:22:05.509 INFO  ProgressMeter - Starting traversal
06:22:05.511 INFO  ProgressMeter -        Current Locus  Elapsed Minutes     Regions Processed   Regions/Minute
06:22:07.704 WARN  InbreedingCoeff - InbreedingCoeff will not be calculated at position chr1:12121 and possibly subsequent; at least 10 samples must have called genotypes
06:22:15.818 INFO  ProgressMeter -           chr1:44374              0.2                   300           1746.9
06:22:25.853 INFO  ProgressMeter -           chr1:87997              0.3                   630           1858.4
06:22:35.908 INFO  ProgressMeter -          chr1:351450              0.5                  1830           3612.3
06:22:52.143 INFO  ProgressMeter -          chr1:631503              0.8                  3170           4078.9
06:23:03.097 INFO  ProgressMeter -          chr1:634641              1.0                  3200           3334.3
06:23:13.100 INFO  ProgressMeter -          chr1:845250              1.1                  4420           3923.8
06:23:24.722 INFO  ProgressMeter -          chr1:874907              1.3                  4630           3507.1
06:23:36.867 INFO  ProgressMeter -          chr1:891433              1.5                  4720           3100.0
06:23:47.095 INFO  ProgressMeter -          chr1:957863              1.7                  5170           3053.7
06:23:57.175 INFO  ProgressMeter -         chr1:1155949              1.9                  6440           3460.4
06:24:07.203 INFO  ProgressMeter -         chr1:1411956              2.0                  8080           3983.9
06:24:17.262 INFO  ProgressMeter -         chr1:1785433              2.2                 10350           4713.5
06:24:27.288 INFO  ProgressMeter -         chr1:2041979              2.4                 12070           5108.1
06:24:37.318 INFO  ProgressMeter -         chr1:2343442              2.5                 14010           5537.4
06:24:47.928 INFO  ProgressMeter -         chr1:2625959              2.7                 15910           5877.5
06:24:57.958 INFO  ProgressMeter -         chr1:2986855              2.9                 18000           6262.8
06:25:07.982 INFO  ProgressMeter -         chr1:3303033              3.0                 20100           6609.3
06:25:17.985 INFO  ProgressMeter -         chr1:3627794              3.2                 22260           6939.2
06:25:28.299 INFO  ProgressMeter -         chr1:3807467              3.4                 23420           6929.5
06:25:38.851 INFO  ProgressMeter -         chr1:4037309              3.6                 24960           7019.8
06:25:48.982 INFO  ProgressMeter -         chr1:4187532              3.7                 25950           6967.4
06:25:59.007 INFO  ProgressMeter -         chr1:4261985              3.9                 26460           6799.3
06:26:09.039 INFO  ProgressMeter -         chr1:4323445              4.1                 26870           6620.2
06:26:19.064 INFO  ProgressMeter -         chr1:4451231              4.2                 27770           6571.4
06:26:29.654 INFO  ProgressMeter -         chr1:4591192              4.4                 28740           6528.3
06:26:39.658 INFO  ProgressMeter -         chr1:4745921              4.6                 29780           6517.7
06:26:49.941 INFO  ProgressMeter -         chr1:4902240              4.7                 30840           6505.7
06:27:00.934 INFO  ProgressMeter -         chr1:5049670              4.9                 31870           6472.8
06:27:10.934 INFO  ProgressMeter -         chr1:5170305              5.1                 32700           6423.9
06:27:20.960 INFO  ProgressMeter -         chr1:5354055              5.3                 33960           6459.4
06:27:31.406 INFO  ProgressMeter -         chr1:5521565              5.4                 35100           6462.2
06:27:41.420 INFO  ProgressMeter -         chr1:5579884              5.6                 35470           6335.7
06:27:51.765 INFO  ProgressMeter -         chr1:5672517              5.8                 36080           6252.1
06:28:01.841 INFO  ProgressMeter -         chr1:5768060              5.9                 36720           6183.0
06:28:11.873 INFO  ProgressMeter -         chr1:5933522              6.1                 37840           6197.2
06:28:21.902 INFO  ProgressMeter -         chr1:6115185              6.3                 39060           6226.5
06:28:31.977 INFO  ProgressMeter -         chr1:6340317              6.4                 40530           6292.4
06:28:42.259 INFO  ProgressMeter -         chr1:6565632              6.6                 42000           6351.7
06:28:52.298 INFO  ProgressMeter -         chr1:6773883              6.8                 43400           6401.4
06:29:02.365 INFO  ProgressMeter -         chr1:6987218              6.9                 44860           6457.0
06:29:12.560 INFO  ProgressMeter -         chr1:7188600              7.1                 46250           6498.1
06:29:22.598 INFO  ProgressMeter -         chr1:7356908              7.3                 47410           6508.1
06:29:32.815 INFO  ProgressMeter -         chr1:7545780              7.5                 48680           6529.8
06:29:43.223 INFO  ProgressMeter -         chr1:7790586              7.6                 50320           6596.3
06:29:53.235 INFO  ProgressMeter -         chr1:7931336              7.8                 51280           6578.3
06:30:03.254 INFO  ProgressMeter -         chr1:8225330              8.0                 53300           6694.0
06:30:13.271 INFO  ProgressMeter -         chr1:8528150              8.1                 55340           6807.5
06:30:23.322 INFO  ProgressMeter -         chr1:8834338              8.3                 57440           6923.1
06:30:33.463 INFO  ProgressMeter -         chr1:8899925              8.5                 57890           6838.1
06:30:43.478 INFO  ProgressMeter -         chr1:9003370              8.6                 58610           6789.3
06:30:53.511 INFO  ProgressMeter -         chr1:9119636              8.8                 59390           6748.9
06:31:03.525 INFO  ProgressMeter -         chr1:9519421              9.0                 62090           6924.4
06:31:13.532 INFO  ProgressMeter -         chr1:9744208              9.1                 63550           6957.8
06:31:24.194 INFO  ProgressMeter -         chr1:9982790              9.3                 65130           6994.7
06:31:34.203 INFO  ProgressMeter -        chr1:10303691              9.5                 67310           7101.6
06:31:44.260 INFO  ProgressMeter -        chr1:10620219              9.6                 69440           7199.0
06:31:54.285 INFO  ProgressMeter -        chr1:11015062              9.8                 72130           7350.5
06:32:04.350 INFO  ProgressMeter -        chr1:11231374             10.0                 73560           7370.3
06:32:14.384 INFO  ProgressMeter -        chr1:11407502             10.1                 74730           7364.1
06:32:24.409 INFO  ProgressMeter -        chr1:11641811             10.3                 76300           7397.0
06:32:34.575 INFO  ProgressMeter -        chr1:11920385             10.5                 78180           7456.8
06:32:44.616 INFO  ProgressMeter -        chr1:12244891             10.7                 80390           7547.1
06:32:54.621 INFO  ProgressMeter -        chr1:12534780             10.8                 82280           7605.5
06:33:05.319 INFO  ProgressMeter -        chr1:12711295             11.0                 83480           7591.3
06:33:17.586 INFO  ProgressMeter -        chr1:12848388             11.2                 84370           7532.2
06:33:27.639 INFO  ProgressMeter -        chr1:13413357             11.4                 86870           7641.1
06:33:37.888 INFO  ProgressMeter -        chr1:13571022             11.5                 87950           7621.6
06:33:47.932 INFO  ProgressMeter -        chr1:13697823             11.7                 88820           7586.9
06:33:57.937 INFO  ProgressMeter -        chr1:13903113             11.9                 90170           7594.1
06:34:08.128 INFO  ProgressMeter -        chr1:14118268             12.0                 91620           7607.4
06:34:18.540 INFO  ProgressMeter -        chr1:14333493             12.2                 93130           7622.9
06:34:28.550 INFO  ProgressMeter -        chr1:14514594             12.4                 94380           7621.1
06:34:38.552 INFO  ProgressMeter -        chr1:14780413             12.6                 96140           7660.2
06:34:48.603 INFO  ProgressMeter -        chr1:15090086             12.7                 98280           7727.5
06:34:58.604 INFO  ProgressMeter -        chr1:15285362             12.9                 99670           7735.4
06:35:08.622 INFO  ProgressMeter -        chr1:15531024             13.1                101310           7762.1
06:35:18.664 INFO  ProgressMeter -        chr1:15782482             13.2                103000           7791.7
06:35:28.669 INFO  ProgressMeter -        chr1:15936833             13.4                104050           7773.1
06:35:39.655 INFO  ProgressMeter -        chr1:15993025             13.6                104420           7695.5
06:35:49.684 INFO  ProgressMeter -        chr1:16159445             13.7                105580           7686.3
06:35:59.745 INFO  ProgressMeter -        chr1:16405114             13.9                107280           7715.8
06:36:09.943 INFO  ProgressMeter -        chr1:16577010             14.1                108420           7703.6
06:36:20.215 INFO  ProgressMeter -        chr1:16687523             14.2                109230           7667.9
06:36:30.288 INFO  ProgressMeter -        chr1:17011287             14.4                111150           7711.8
06:36:40.446 INFO  ProgressMeter -        chr1:17189439             14.6                112440           7710.8
06:36:51.244 INFO  ProgressMeter -        chr1:17409813             14.8                113950           7719.0
06:37:01.346 INFO  ProgressMeter -        chr1:17534928             14.9                114820           7690.3
06:37:11.419 INFO  ProgressMeter -        chr1:17807075             15.1                116690           7728.6
06:37:21.579 INFO  ProgressMeter -        chr1:18015792             15.3                118150           7738.5
06:37:31.717 INFO  ProgressMeter -        chr1:18235318             15.4                119680           7752.9
06:37:41.755 INFO  ProgressMeter -        chr1:18434021             15.6                121050           7757.6
06:37:51.785 INFO  ProgressMeter -        chr1:18628067             15.8                122390           7760.3
06:38:01.897 INFO  ProgressMeter -        chr1:18823268             15.9                123710           7761.1
06:38:11.911 INFO  ProgressMeter -        chr1:19007513             16.1                125010           7761.4
06:38:21.954 INFO  ProgressMeter -        chr1:19232553             16.3                126520           7774.4
06:38:31.976 INFO  ProgressMeter -        chr1:19414623             16.4                127710           7767.8
06:38:42.886 INFO  ProgressMeter -        chr1:19544608             16.6                128600           7736.3
06:38:52.957 INFO  ProgressMeter -        chr1:19771367             16.8                130170           7752.5
06:39:03.069 INFO  ProgressMeter -        chr1:19994041             17.0                131700           7765.7
06:39:13.459 INFO  ProgressMeter -        chr1:20033841             17.1                131960           7702.4
06:39:23.459 INFO  ProgressMeter -        chr1:20148941             17.3                132700           7670.9
06:39:33.474 INFO  ProgressMeter -        chr1:20337838             17.5                134010           7672.6
06:39:43.840 INFO  ProgressMeter -        chr1:20629263             17.6                136010           7710.8
06:39:53.875 INFO  ProgressMeter -        chr1:20973140             17.8                138310           7767.6
06:40:03.963 INFO  ProgressMeter -        chr1:21386542             18.0                141140           7852.4
06:40:14.291 INFO  ProgressMeter -        chr1:21684696             18.1                143200           7891.4
06:40:24.302 INFO  ProgressMeter -        chr1:22005016             18.3                145360           7937.5
06:40:34.313 INFO  ProgressMeter -        chr1:22279538             18.5                147290           7970.2
06:40:44.482 INFO  ProgressMeter -        chr1:22440205             18.6                148390           7956.8
06:40:54.496 INFO  ProgressMeter -        chr1:22736337             18.8                150430           7994.6
06:41:04.979 INFO  ProgressMeter -        chr1:23000456             19.0                152280           8018.5
06:41:18.043 INFO  ProgressMeter -        chr1:23245843             19.2                153930           8013.5
06:41:28.085 INFO  ProgressMeter -        chr1:23550319             19.4                156000           8051.1
06:41:38.143 INFO  ProgressMeter -        chr1:23797134             19.5                157700           8069.0
06:41:52.756 INFO  ProgressMeter -        chr1:23972068             19.8                158900           8030.4
06:42:03.204 INFO  ProgressMeter -        chr1:24271115             20.0                160970           8064.0
06:42:13.233 INFO  ProgressMeter -        chr1:24599840             20.1                163190           8107.3
06:42:23.408 INFO  ProgressMeter -        chr1:24879418             20.3                165060           8131.7
06:42:33.443 INFO  ProgressMeter -        chr1:25134328             20.5                166850           8152.7
06:42:43.484 INFO  ProgressMeter -        chr1:25479401             20.6                168960           8188.9
06:42:53.496 INFO  ProgressMeter -        chr1:25846596             20.8                171430           8241.9
06:43:03.514 INFO  ProgressMeter -        chr1:26133871             21.0                173410           8270.7
06:43:14.593 INFO  ProgressMeter -        chr1:26455410             21.2                175590           8301.6
06:43:24.829 INFO  ProgressMeter -        chr1:26632498             21.3                176770           8290.5
06:43:36.162 INFO  ProgressMeter -        chr1:26981546             21.5                179070           8324.6
06:43:46.180 INFO  ProgressMeter -        chr1:27184409             21.7                180420           8322.8
06:44:03.026 INFO  ProgressMeter -        chr1:27208031             22.0                180570           8223.2
06:44:13.074 INFO  ProgressMeter -        chr1:27408765             22.1                181890           8220.6
06:44:23.115 INFO  ProgressMeter -        chr1:27693571             22.3                183810           8245.0
06:44:33.137 INFO  ProgressMeter -        chr1:27925977             22.5                185340           8251.9
06:44:43.184 INFO  ProgressMeter -        chr1:28176899             22.6                187030           8265.5
06:44:53.239 INFO  ProgressMeter -        chr1:28391653             22.8                188520           8270.1
06:45:03.241 INFO  ProgressMeter -        chr1:28671003             23.0                190370           8290.6
06:45:13.241 INFO  ProgressMeter -        chr1:28968289             23.1                192380           8317.8
06:45:23.293 INFO  ProgressMeter -        chr1:29253799             23.3                194290           8339.9
06:45:33.319 INFO  ProgressMeter -        chr1:29543250             23.5                196250           8364.1
06:45:43.321 INFO  ProgressMeter -        chr1:29831046             23.6                198260           8390.1
06:45:53.373 INFO  ProgressMeter -        chr1:30092656             23.8                200120           8409.2
06:46:03.420 INFO  ProgressMeter -        chr1:30350688             24.0                201900           8424.7
06:46:13.528 INFO  ProgressMeter -        chr1:30605454             24.1                203690           8440.1
06:46:23.648 INFO  ProgressMeter -        chr1:31136999             24.3                207330           8531.3
06:46:33.660 INFO  ProgressMeter -        chr1:31453094             24.5                209480           8561.0
07:00:22.722 INFO  ProgressMeter -        chr1:31519372             38.3                209910           5482.6
07:00:32.780 INFO  ProgressMeter -        chr1:31751475             38.5                211490           5499.8
07:00:42.790 INFO  ProgressMeter -        chr1:32048635             38.6                213510           5528.3
07:00:52.814 INFO  ProgressMeter -        chr1:32388340             38.8                215740           5562.0
07:01:05.101 INFO  ProgressMeter -        chr1:32426193             39.0                215980           5538.9
07:01:15.110 INFO  ProgressMeter -        chr1:32547655             39.2                216780           5535.8
07:01:25.362 INFO  ProgressMeter -        chr1:32673978             39.3                217650           5533.8
07:01:35.393 INFO  ProgressMeter -        chr1:32944309             39.5                219500           5557.2
07:01:45.398 INFO  ProgressMeter -        chr1:33111017             39.7                220590           5561.4
07:01:55.404 INFO  ProgressMeter -        chr1:33415719             39.8                222700           5591.0
07:02:05.606 INFO  ProgressMeter -        chr1:33672622             40.0                224420           5610.3
07:02:15.611 INFO  ProgressMeter -        chr1:33996519             40.2                226660           5642.8
07:02:25.819 INFO  ProgressMeter -        chr1:34292504             40.3                228690           5669.3
07:02:36.001 INFO  ProgressMeter -        chr1:34556166             40.5                230440           5688.7
07:02:46.022 INFO  ProgressMeter -        chr1:34814339             40.7                232260           5710.1
07:02:56.049 INFO  ProgressMeter -        chr1:35072330             40.8                233990           5729.1
07:03:06.709 INFO  ProgressMeter -        chr1:35144860             41.0                234460           5715.8
07:03:18.381 INFO  ProgressMeter -        chr1:35352350             41.2                235840           5722.3
07:03:28.389 INFO  ProgressMeter -        chr1:35626595             41.4                237650           5742.9
07:03:38.612 INFO  ProgressMeter -        chr1:35965277             41.6                239930           5774.3
07:03:48.939 INFO  ProgressMeter -        chr1:36290219             41.7                242160           5803.9
07:03:59.728 INFO  ProgressMeter -        chr1:36490306             41.9                243510           5811.2
07:04:10.642 INFO  ProgressMeter -        chr1:36717841             42.1                245050           5822.7
07:04:20.687 INFO  ProgressMeter -        chr1:37013068             42.3                247070           5847.4
07:04:30.692 INFO  ProgressMeter -        chr1:37288473             42.4                248930           5868.3
07:04:40.744 INFO  ProgressMeter -        chr1:37460700             42.6                250110           5872.9
07:04:50.763 INFO  ProgressMeter -        chr1:37716029             42.8                251820           5889.9
07:05:00.915 INFO  ProgressMeter -        chr1:37912326             42.9                253150           5897.7
07:05:12.346 INFO  ProgressMeter -        chr1:38148725             43.1                254730           5908.3
07:05:22.362 INFO  ProgressMeter -        chr1:38331458             43.3                255960           5913.9
07:05:32.366 INFO  ProgressMeter -        chr1:38481165             43.4                257010           5915.4
07:05:42.719 INFO  ProgressMeter -        chr1:38711756             43.6                258600           5928.5
07:05:52.907 INFO  ProgressMeter -        chr1:38959384             43.8                260270           5943.6
07:06:03.084 INFO  ProgressMeter -        chr1:39183683             44.0                261810           5955.7
07:06:13.143 INFO  ProgressMeter -        chr1:39468542             44.1                263670           5975.2
07:06:23.305 INFO  ProgressMeter -        chr1:39731327             44.3                265410           5991.7
07:06:33.356 INFO  ProgressMeter -        chr1:39979459             44.5                267040           6005.7
07:06:43.383 INFO  ProgressMeter -        chr1:40113226             44.6                267930           6003.2
07:06:53.838 INFO  ProgressMeter -        chr1:40334640             44.8                269390           6012.4
07:07:03.939 INFO  ProgressMeter -        chr1:40490588             45.0                270450           6013.5
07:07:13.978 INFO  ProgressMeter -        chr1:40669158             45.1                271670           6018.2
07:07:24.000 INFO  ProgressMeter -        chr1:40962775             45.3                273690           6040.6
07:07:34.014 INFO  ProgressMeter -        chr1:41200401             45.5                275280           6053.4
07:07:44.042 INFO  ProgressMeter -        chr1:41429571             45.6                276850           6065.7
07:07:54.448 INFO  ProgressMeter -        chr1:41762124             45.8                279160           6093.1
07:08:06.237 INFO  ProgressMeter -        chr1:41950550             46.0                280490           6096.0
07:08:16.351 INFO  ProgressMeter -        chr1:42093215             46.2                281460           6094.8
07:08:26.380 INFO  ProgressMeter -        chr1:42376549             46.3                283390           6114.4
07:08:36.572 INFO  ProgressMeter -        chr1:42537683             46.5                284420           6114.2
07:08:46.626 INFO  ProgressMeter -        chr1:42655371             46.7                285180           6108.6
07:08:56.751 INFO  ProgressMeter -        chr1:42867752             46.9                286600           6116.9
07:09:07.666 INFO  ProgressMeter -        chr1:42892984             47.0                286750           6096.4
07:09:17.667 INFO  ProgressMeter -        chr1:43082941             47.2                287980           6100.9
07:09:27.790 INFO  ProgressMeter -        chr1:43259643             47.4                289200           6105.0
07:09:37.844 INFO  ProgressMeter -        chr1:43440486             47.5                290370           6108.1
07:09:47.868 INFO  ProgressMeter -        chr1:43729645             47.7                292280           6126.7
07:09:58.065 INFO  ProgressMeter -        chr1:44055316             47.9                294470           6150.7
07:10:08.335 INFO  ProgressMeter -        chr1:44130789             48.0                294990           6139.6
07:10:18.408 INFO  ProgressMeter -        chr1:44434048             48.2                297060           6161.2
07:10:28.527 INFO  ProgressMeter -        chr1:44772543             48.4                299370           6187.4
07:10:38.545 INFO  ProgressMeter -        chr1:44894173             48.6                300180           6182.8
07:10:49.459 INFO  ProgressMeter -        chr1:45019084             48.7                301040           6177.4
07:10:59.524 INFO  ProgressMeter -        chr1:45080485             48.9                301430           6164.2
07:11:09.582 INFO  ProgressMeter -        chr1:45258880             49.1                302630           6167.6
07:11:23.179 INFO  ProgressMeter -        chr1:45415705             49.3                303660           6160.1
07:11:33.607 INFO  ProgressMeter -        chr1:45574728             49.5                304740           6160.3
07:11:43.642 INFO  ProgressMeter -        chr1:45719088             49.6                305720           6159.3
07:11:53.658 INFO  ProgressMeter -        chr1:45853951             49.8                306640           6157.1
07:12:03.674 INFO  ProgressMeter -        chr1:46192104             50.0                308930           6182.4
07:12:13.743 INFO  ProgressMeter -        chr1:46394884             50.1                310240           6187.8
07:12:23.759 INFO  ProgressMeter -        chr1:46690192             50.3                312230           6206.8
07:12:34.175 INFO  ProgressMeter -        chr1:46784949             50.5                312860           6198.0
07:12:44.185 INFO  ProgressMeter -        chr1:46909710             50.6                313640           6193.0
07:12:54.377 INFO  ProgressMeter -        chr1:47044467             50.8                314520           6189.6
07:13:04.438 INFO  ProgressMeter -        chr1:47309292             51.0                316260           6203.4
07:13:14.465 INFO  ProgressMeter -        chr1:47616288             51.1                318370           6224.3
07:13:24.474 INFO  ProgressMeter -        chr1:47937884             51.3                320520           6246.0
07:13:34.475 INFO  ProgressMeter -        chr1:48154496             51.5                322020           6254.9
07:13:44.558 INFO  ProgressMeter -        chr1:48327188             51.7                323190           6257.2
07:13:57.927 INFO  ProgressMeter -        chr1:48436609             51.9                323940           6244.8
07:14:07.940 INFO  ProgressMeter -        chr1:48535660             52.0                324610           6237.6
07:14:18.624 INFO  ProgressMeter -        chr1:48800905             52.2                326440           6251.4
07:14:28.840 INFO  ProgressMeter -        chr1:49006489             52.4                327860           6258.2
07:14:39.061 INFO  ProgressMeter -        chr1:49134775             52.6                328720           6254.3
07:14:49.205 INFO  ProgressMeter -        chr1:49313856             52.7                329960           6257.8
07:14:59.255 INFO  ProgressMeter -        chr1:49448740             52.9                330860           6254.9
07:15:09.433 INFO  ProgressMeter -        chr1:49570179             53.1                331670           6250.2
07:15:19.467 INFO  ProgressMeter -        chr1:49672437             53.2                332360           6243.5
07:15:29.638 INFO  ProgressMeter -        chr1:49758836             53.4                332930           6234.4
07:15:39.790 INFO  ProgressMeter -        chr1:49869867             53.6                333680           6228.7
07:15:50.019 INFO  ProgressMeter -        chr1:50007220             53.7                334580           6225.7
07:16:00.238 INFO  ProgressMeter -        chr1:50226622             53.9                336090           6234.0
07:16:10.252 INFO  ProgressMeter -        chr1:50378302             54.1                337160           6234.6
07:16:20.281 INFO  ProgressMeter -        chr1:50483569             54.2                337860           6228.3
07:16:30.368 INFO  ProgressMeter -        chr1:50689004             54.4                339220           6234.0
07:16:40.369 INFO  ProgressMeter -        chr1:50880752             54.6                340490           6238.3
07:16:50.385 INFO  ProgressMeter -        chr1:51064483             54.7                341750           6242.3
07:17:00.401 INFO  ProgressMeter -        chr1:51194865             54.9                342610           6238.9
07:17:10.483 INFO  ProgressMeter -        chr1:51380416             55.1                343810           6241.7
07:17:20.500 INFO  ProgressMeter -        chr1:51638844             55.2                345580           6254.9
07:17:30.540 INFO  ProgressMeter -        chr1:51887366             55.4                347270           6266.5
07:17:40.555 INFO  ProgressMeter -        chr1:52085864             55.6                348620           6271.9
07:17:52.191 INFO  ProgressMeter -        chr1:52180777             55.8                349270           6261.8
07:18:02.293 INFO  ProgressMeter -        chr1:52340075             55.9                350340           6262.1
07:18:12.434 INFO  ProgressMeter -        chr1:52556129             56.1                351760           6268.5
07:18:22.502 INFO  ProgressMeter -        chr1:52752877             56.3                353120           6274.0
07:18:32.767 INFO  ProgressMeter -        chr1:52949863             56.5                354420           6278.0
07:18:42.783 INFO  ProgressMeter -        chr1:53048955             56.6                355090           6271.3
07:18:52.814 INFO  ProgressMeter -        chr1:53248111             56.8                356430           6276.5
07:19:02.817 INFO  ProgressMeter -        chr1:53437190             57.0                357770           6281.6
07:19:12.856 INFO  ProgressMeter -        chr1:53732833             57.1                359810           6298.9
07:19:22.889 INFO  ProgressMeter -        chr1:53917214             57.3                361080           6302.7
07:19:32.915 INFO  ProgressMeter -        chr1:54077196             57.5                362140           6302.8
07:19:43.162 INFO  ProgressMeter -        chr1:54309084             57.6                363740           6311.9
07:19:53.215 INFO  ProgressMeter -        chr1:54529744             57.8                365230           6319.4
07:20:03.233 INFO  ProgressMeter -        chr1:54628392             58.0                365890           6312.6
07:20:13.354 INFO  ProgressMeter -        chr1:54844473             58.1                367360           6319.6
07:20:24.634 INFO  ProgressMeter -        chr1:54913254             58.3                367820           6307.1
07:20:35.018 INFO  ProgressMeter -        chr1:54961974             58.5                368140           6293.9
07:20:45.040 INFO  ProgressMeter -        chr1:55183594             58.7                369690           6302.4
07:20:55.724 INFO  ProgressMeter -        chr1:55369138             58.8                370960           6304.9
07:21:05.746 INFO  ProgressMeter -        chr1:55548945             59.0                372180           6307.7
07:21:15.770 INFO  ProgressMeter -        chr1:55759370             59.2                373640           6314.6
07:21:25.778 INFO  ProgressMeter -        chr1:55960456             59.3                374990           6319.6
07:21:35.908 INFO  ProgressMeter -        chr1:56123490             59.5                376150           6321.1
07:21:45.913 INFO  ProgressMeter -        chr1:56384875             59.7                377970           6334.0
07:21:55.922 INFO  ProgressMeter -        chr1:56623229             59.8                379620           6343.9
07:22:06.028 INFO  ProgressMeter -        chr1:56870423             60.0                381330           6354.6
07:22:16.082 INFO  ProgressMeter -        chr1:57135224             60.2                383110           6366.5
07:22:26.100 INFO  ProgressMeter -        chr1:57433199             60.3                385120           6382.2
07:22:36.138 INFO  ProgressMeter -        chr1:57617086             60.5                386390           6385.5
07:22:46.206 INFO  ProgressMeter -        chr1:57842015             60.7                387950           6393.6
07:22:57.503 INFO  ProgressMeter -        chr1:58056602             60.9                389430           6398.1
07:23:07.555 INFO  ProgressMeter -        chr1:58300142             61.0                391080           6407.6
07:23:17.623 INFO  ProgressMeter -        chr1:58563792             61.2                392900           6419.7
07:23:27.636 INFO  ProgressMeter -        chr1:58780365             61.4                394410           6426.9
07:23:37.637 INFO  ProgressMeter -        chr1:59048193             61.5                396230           6439.1
07:23:47.684 INFO  ProgressMeter -        chr1:59285985             61.7                397870           6448.2
07:23:57.846 INFO  ProgressMeter -        chr1:59504843             61.9                399390           6455.1
07:24:07.916 INFO  ProgressMeter -        chr1:59765729             62.0                401170           6466.3
07:24:17.939 INFO  ProgressMeter -        chr1:59985083             62.2                402660           6472.9
07:24:27.945 INFO  ProgressMeter -        chr1:60235126             62.4                404400           6483.5
07:24:37.985 INFO  ProgressMeter -        chr1:60441088             62.5                405820           6488.8
07:24:48.435 INFO  ProgressMeter -        chr1:60691118             62.7                407510           6497.8
07:24:58.443 INFO  ProgressMeter -        chr1:60892491             62.9                408890           6502.5
07:25:08.481 INFO  ProgressMeter -        chr1:61255494             63.0                411350           6524.2
07:25:18.683 INFO  ProgressMeter -        chr1:61542495             63.2                413320           6537.9
07:25:28.687 INFO  ProgressMeter -        chr1:61767815             63.4                414890           6545.4
07:25:38.750 INFO  ProgressMeter -        chr1:61987987             63.6                416380           6551.6
07:25:51.538 INFO  ProgressMeter -        chr1:62182097             63.8                417700           6550.4
07:26:01.545 INFO  ProgressMeter -        chr1:62412277             63.9                419270           6557.9
07:26:11.565 INFO  ProgressMeter -        chr1:62652397             64.1                420890           6566.1
07:26:21.861 INFO  ProgressMeter -        chr1:62773558             64.3                421720           6561.4
07:26:31.882 INFO  ProgressMeter -        chr1:63061837             64.4                423700           6575.2
07:26:42.239 INFO  ProgressMeter -        chr1:63360282             64.6                425740           6589.2
07:26:52.297 INFO  ProgressMeter -        chr1:63586379             64.8                427260           6595.6
07:27:02.698 INFO  ProgressMeter -        chr1:63789115             65.0                428640           6599.2
07:27:12.722 INFO  ProgressMeter -        chr1:64044436             65.1                430380           6609.0
07:27:22.758 INFO  ProgressMeter -        chr1:64209436             65.3                431510           6609.4
07:27:32.775 INFO  ProgressMeter -        chr1:64408166             65.5                432860           6613.2
07:27:42.783 INFO  ProgressMeter -        chr1:64747643             65.6                435170           6631.5
07:27:52.799 INFO  ProgressMeter -        chr1:65004734             65.8                436880           6640.7
07:28:02.977 INFO  ProgressMeter -        chr1:65219542             66.0                438360           6646.1
07:28:13.017 INFO  ProgressMeter -        chr1:65454916             66.1                439940           6653.1
07:28:23.317 INFO  ProgressMeter -        chr1:65645200             66.3                441210           6655.1
07:28:33.317 INFO  ProgressMeter -        chr1:65762322             66.5                442010           6650.4
07:28:43.646 INFO  ProgressMeter -        chr1:65967609             66.6                443400           6654.1
07:28:53.649 INFO  ProgressMeter -        chr1:66224139             66.8                445190           6664.3
07:29:04.146 INFO  ProgressMeter -        chr1:66462677             67.0                446780           6670.6
07:29:14.182 INFO  ProgressMeter -        chr1:66699538             67.1                448460           6679.0
07:29:24.968 INFO  ProgressMeter -        chr1:66918223             67.3                449960           6683.5
07:29:34.976 INFO  ProgressMeter -        chr1:67113625             67.5                451270           6686.4
07:29:45.363 INFO  ProgressMeter -        chr1:67277186             67.7                452360           6685.4
07:29:55.368 INFO  ProgressMeter -        chr1:67403849             67.8                453230           6681.8
07:30:05.414 INFO  ProgressMeter -        chr1:67596873             68.0                454590           6685.3
07:30:16.420 INFO  ProgressMeter -        chr1:67904554             68.2                456690           6698.1
07:30:26.432 INFO  ProgressMeter -        chr1:68041886             68.3                457610           6695.2
07:30:41.433 INFO  ProgressMeter -        chr1:68162626             68.6                458410           6682.5
07:30:51.442 INFO  ProgressMeter -        chr1:68343327             68.8                459650           6684.3
07:31:01.594 INFO  ProgressMeter -        chr1:68488324             68.9                460680           6682.8
07:31:11.623 INFO  ProgressMeter -        chr1:68670306             69.1                461910           6684.5
07:31:22.191 INFO  ProgressMeter -        chr1:68861939             69.3                463180           6685.8
07:31:32.419 INFO  ProgressMeter -        chr1:69062023             69.4                464570           6689.4
07:31:42.693 INFO  ProgressMeter -        chr1:69298821             69.6                466170           6696.0
07:31:52.844 INFO  ProgressMeter -        chr1:69475720             69.8                467400           6697.3
07:32:02.871 INFO  ProgressMeter -        chr1:69778865             70.0                469480           6711.1
07:32:13.158 INFO  ProgressMeter -        chr1:69971722             70.1                470790           6713.3
07:32:23.183 INFO  ProgressMeter -        chr1:70285149             70.3                472870           6727.0
07:32:33.202 INFO  ProgressMeter -        chr1:70508016             70.5                474430           6733.2
07:32:43.517 INFO  ProgressMeter -        chr1:70591180             70.6                475000           6724.9
07:32:53.517 INFO  ProgressMeter -        chr1:70766152             70.8                476190           6725.8
07:33:03.565 INFO  ProgressMeter -        chr1:70917828             71.0                477210           6724.3
07:33:13.601 INFO  ProgressMeter -        chr1:71132611             71.1                478670           6729.1
07:33:23.668 INFO  ProgressMeter -        chr1:71271544             71.3                479620           6726.5
07:33:33.680 INFO  ProgressMeter -        chr1:71439468             71.5                480750           6726.6
07:33:43.686 INFO  ProgressMeter -        chr1:71661097             71.6                482260           6732.1
07:33:53.689 INFO  ProgressMeter -        chr1:72080225             71.8                485120           6756.3
07:34:03.856 INFO  ProgressMeter -        chr1:72339194             72.0                486930           6765.5
07:34:13.884 INFO  ProgressMeter -        chr1:72494633             72.1                487990           6764.5
07:34:23.912 INFO  ProgressMeter -        chr1:72674394             72.3                489260           6766.5
07:34:34.560 INFO  ProgressMeter -        chr1:72819183             72.5                490250           6763.5
07:34:44.574 INFO  ProgressMeter -        chr1:72998790             72.7                491490           6765.1
07:34:54.604 INFO  ProgressMeter -        chr1:73199275             72.8                492930           6769.3
07:35:04.685 INFO  ProgressMeter -        chr1:73491014             73.0                494940           6781.3
07:35:14.713 INFO  ProgressMeter -        chr1:73761929             73.2                496830           6791.6
07:35:24.738 INFO  ProgressMeter -        chr1:74035357             73.3                498740           6802.2
07:35:34.747 INFO  ProgressMeter -        chr1:74256101             73.5                500250           6807.3
07:35:44.795 INFO  ProgressMeter -        chr1:74509450             73.7                502010           6815.7
07:35:55.406 INFO  ProgressMeter -        chr1:74742778             73.8                503610           6821.1
07:36:05.435 INFO  ProgressMeter -        chr1:74929794             74.0                504900           6823.1
07:36:15.458 INFO  ProgressMeter -        chr1:75138136             74.2                506320           6826.9
07:36:25.493 INFO  ProgressMeter -        chr1:75361253             74.3                507840           6832.0
07:36:35.505 INFO  ProgressMeter -        chr1:75529639             74.5                508960           6831.7
07:36:45.606 INFO  ProgressMeter -        chr1:75667931             74.7                509900           6828.9
07:36:55.825 INFO  ProgressMeter -        chr1:75828162             74.8                510990           6827.9
07:37:05.979 INFO  ProgressMeter -        chr1:76040831             75.0                512470           6832.2
07:37:16.223 INFO  ProgressMeter -        chr1:76247096             75.2                513870           6835.3
07:37:26.257 INFO  ProgressMeter -        chr1:76509738             75.3                515680           6844.2
07:37:40.001 INFO  ProgressMeter -        chr1:76701393             75.6                517010           6841.0
07:37:50.072 INFO  ProgressMeter -        chr1:76918829             75.7                518480           6845.3
07:38:01.170 INFO  ProgressMeter -        chr1:77129532             75.9                519910           6847.4
07:38:11.289 INFO  ProgressMeter -        chr1:77257214             76.1                520750           6843.3
07:38:21.457 INFO  ProgressMeter -        chr1:77479181             76.3                522270           6848.0
07:38:31.862 INFO  ProgressMeter -        chr1:77700818             76.4                523780           6852.2
07:38:42.917 INFO  ProgressMeter -        chr1:77811483             76.6                524480           6844.9
07:38:53.304 INFO  ProgressMeter -        chr1:78043649             76.8                526030           6849.7
07:39:03.314 INFO  ProgressMeter -        chr1:78202618             77.0                527120           6849.0
07:39:14.349 INFO  ProgressMeter -        chr1:78311344             77.1                527850           6842.1
07:39:24.405 INFO  ProgressMeter -        chr1:78454366             77.3                528820           6839.8
07:39:34.437 INFO  ProgressMeter -        chr1:78630967             77.5                530020           6840.5
07:39:44.501 INFO  ProgressMeter -        chr1:78794145             77.6                531150           6840.3
07:39:54.535 INFO  ProgressMeter -        chr1:78993239             77.8                532520           6843.2
07:40:04.550 INFO  ProgressMeter -        chr1:79189617             78.0                533910           6846.4
07:40:14.576 INFO  ProgressMeter -        chr1:79481659             78.2                535920           6857.5
07:40:24.841 INFO  ProgressMeter -        chr1:79680760             78.3                537310           6860.3
07:40:34.870 INFO  ProgressMeter -        chr1:79898109             78.5                538860           6865.4
07:40:44.875 INFO  ProgressMeter -        chr1:80111406             78.7                540320           6869.4
07:40:54.911 INFO  ProgressMeter -        chr1:80368038             78.8                542110           6877.5
07:41:04.956 INFO  ProgressMeter -        chr1:80600380             79.0                543710           6883.2
07:41:15.000 INFO  ProgressMeter -        chr1:80848434             79.2                545390           6889.9
07:41:25.005 INFO  ProgressMeter -        chr1:81167531             79.3                547600           6903.3
07:41:35.406 INFO  ProgressMeter -        chr1:81440129             79.5                549490           6912.0
07:41:45.440 INFO  ProgressMeter -        chr1:81693647             79.7                551260           6919.7
07:41:55.601 INFO  ProgressMeter -        chr1:81787818             79.8                551940           6913.5
07:42:05.678 INFO  ProgressMeter -        chr1:82105696             80.0                554110           6926.1
07:42:15.688 INFO  ProgressMeter -        chr1:82387849             80.2                556080           6936.3
07:42:25.702 INFO  ProgressMeter -        chr1:82643176             80.3                557860           6944.0
07:42:35.711 INFO  ProgressMeter -        chr1:82958119             80.5                560080           6957.2
07:42:45.731 INFO  ProgressMeter -        chr1:83176648             80.7                561630           6962.0
07:42:55.774 INFO  ProgressMeter -        chr1:83350461             80.8                562900           6963.3
07:43:05.998 INFO  ProgressMeter -        chr1:83534852             81.0                564290           6965.8
07:43:16.037 INFO  ProgressMeter -        chr1:83758873             81.2                565810           6970.2
07:43:26.790 INFO  ProgressMeter -        chr1:84036821             81.4                567730           6978.5
07:43:36.820 INFO  ProgressMeter -        chr1:84255655             81.5                569240           6982.7
07:43:48.005 INFO  ProgressMeter -        chr1:84443544             81.7                570540           6982.7
07:43:58.115 INFO  ProgressMeter -        chr1:84608562             81.9                571640           6981.7
07:44:08.131 INFO  ProgressMeter -        chr1:84858560             82.0                573350           6988.4
07:44:18.178 INFO  ProgressMeter -        chr1:84999992             82.2                574310           6985.8
07:44:28.299 INFO  ProgressMeter -        chr1:85233298             82.4                575900           6990.8
07:44:38.305 INFO  ProgressMeter -        chr1:85443750             82.5                577320           6993.9
07:44:48.333 INFO  ProgressMeter -        chr1:85707455             82.7                579050           7000.7
07:44:58.334 INFO  ProgressMeter -        chr1:85942537             82.9                580620           7005.5
07:45:08.468 INFO  ProgressMeter -        chr1:86080858             83.0                581580           7002.8
07:45:18.583 INFO  ProgressMeter -        chr1:86300327             83.2                583070           7006.5
07:45:28.587 INFO  ProgressMeter -        chr1:86420900             83.4                583880           7002.3
07:45:38.629 INFO  ProgressMeter -        chr1:86573765             83.6                584910           7000.6
07:45:48.630 INFO  ProgressMeter -        chr1:86702230             83.7                585760           6996.8
07:45:58.680 INFO  ProgressMeter -        chr1:86925363             83.9                587260           7000.7
07:46:08.709 INFO  ProgressMeter -        chr1:87101376             84.1                588490           7001.4
07:46:18.713 INFO  ProgressMeter -        chr1:87396589             84.2                590490           7011.3
07:46:28.835 INFO  ProgressMeter -        chr1:87639866             84.4                592100           7016.3
07:46:38.931 INFO  ProgressMeter -        chr1:88022290             84.6                594740           7033.6
07:46:49.029 INFO  ProgressMeter -        chr1:88244201             84.7                596280           7037.8
07:46:59.045 INFO  ProgressMeter -        chr1:88464090             84.9                597830           7042.2
07:47:09.047 INFO  ProgressMeter -        chr1:88604560             85.1                598770           7039.5
07:47:19.144 INFO  ProgressMeter -        chr1:88794220             85.2                600110           7041.3
07:47:30.063 INFO  ProgressMeter -        chr1:88928218             85.4                601040           7037.2
07:47:42.136 INFO  ProgressMeter -        chr1:88984311             85.6                601410           7025.0
07:47:53.962 INFO  ProgressMeter -        chr1:89105353             85.8                602220           7018.3
07:48:04.028 INFO  ProgressMeter -        chr1:89231032             86.0                603060           7014.3
07:48:14.364 INFO  ProgressMeter -        chr1:89345140             86.1                603810           7009.0
07:48:24.413 INFO  ProgressMeter -        chr1:89490284             86.3                604810           7007.0
07:48:34.480 INFO  ProgressMeter -        chr1:89682737             86.5                606110           7008.4
07:48:44.536 INFO  ProgressMeter -        chr1:89984253             86.7                608180           7018.8
07:48:54.575 INFO  ProgressMeter -        chr1:90150815             86.8                609320           7018.4
07:49:04.947 INFO  ProgressMeter -        chr1:90282504             87.0                610190           7014.4
07:49:14.973 INFO  ProgressMeter -        chr1:90410843             87.2                611060           7011.0
07:49:25.009 INFO  ProgressMeter -        chr1:90597670             87.3                612310           7011.9
07:49:35.009 INFO  ProgressMeter -        chr1:90828113             87.5                613860           7016.2
07:49:45.073 INFO  ProgressMeter -        chr1:91032968             87.7                615250           7018.6
07:49:55.092 INFO  ProgressMeter -        chr1:91154332             87.8                616070           7014.6
07:50:05.518 INFO  ProgressMeter -        chr1:91254162             88.0                616760           7008.6
07:50:15.577 INFO  ProgressMeter -        chr1:91368036             88.2                617520           7003.9
07:50:25.890 INFO  ProgressMeter -        chr1:91535117             88.3                618640           7003.0
07:50:36.858 INFO  ProgressMeter -        chr1:91666708             88.5                619530           6998.6
07:50:46.880 INFO  ProgressMeter -        chr1:91996803             88.7                621800           7011.0
07:50:56.979 INFO  ProgressMeter -        chr1:92116147             88.9                622610           7006.8
07:51:07.401 INFO  ProgressMeter -        chr1:92285980             89.0                623760           7006.1
07:51:18.115 INFO  ProgressMeter -        chr1:92436647             89.2                624780           7003.5
07:51:28.260 INFO  ProgressMeter -        chr1:92635802             89.4                626160           7005.7
07:51:38.669 INFO  ProgressMeter -        chr1:92835346             89.6                627530           7007.4
07:51:48.683 INFO  ProgressMeter -        chr1:92951653             89.7                628320           7003.2
07:51:58.769 INFO  ProgressMeter -        chr1:93190177             89.9                630000           7008.8
07:52:08.924 INFO  ProgressMeter -        chr1:93294390             90.1                630660           7002.9
07:52:19.004 INFO  ProgressMeter -        chr1:93469879             90.2                631850           7003.1
07:52:29.453 INFO  ProgressMeter -        chr1:93756545             90.4                633770           7010.8
07:52:40.480 INFO  ProgressMeter -        chr1:93932778             90.6                634920           7009.3
07:52:50.561 INFO  ProgressMeter -        chr1:94166508             90.8                636500           7013.7
07:53:00.817 INFO  ProgressMeter -        chr1:94429705             90.9                638290           7020.2
07:53:10.822 INFO  ProgressMeter -        chr1:94629283             91.1                639620           7022.0
07:53:20.854 INFO  ProgressMeter -        chr1:94826887             91.3                640980           7024.0
07:53:30.866 INFO  ProgressMeter -        chr1:95121255             91.4                643010           7033.4
07:53:40.894 INFO  ProgressMeter -        chr1:95366367             91.6                644690           7038.9
07:53:51.101 INFO  ProgressMeter -        chr1:95558134             91.8                645960           7039.7
07:54:01.421 INFO  ProgressMeter -        chr1:95764039             91.9                647370           7041.8
07:54:11.463 INFO  ProgressMeter -        chr1:96028194             92.1                649180           7048.7
07:54:21.476 INFO  ProgressMeter -        chr1:96297931             92.3                651040           7056.1
07:56:20.856 INFO  ProgressMeter -        chr1:96447777             94.3                652070           6918.1
07:56:30.873 INFO  ProgressMeter -        chr1:96514096             94.4                652540           6910.8
07:56:47.951 INFO  ProgressMeter -        chr1:96679798             94.7                653660           6901.9
07:56:57.971 INFO  ProgressMeter -        chr1:96990641             94.9                655850           6912.8
07:57:07.992 INFO  ProgressMeter -        chr1:97274212             95.0                657810           6921.3
07:57:18.096 INFO  ProgressMeter -        chr1:97547850             95.2                659720           6929.1
07:57:28.120 INFO  ProgressMeter -        chr1:97936321             95.4                662410           6945.2
07:57:38.143 INFO  ProgressMeter -        chr1:98291734             95.5                664870           6958.8
07:57:48.208 INFO  ProgressMeter -        chr1:98579713             95.7                666860           6967.4
07:57:58.343 INFO  ProgressMeter -        chr1:98786624             95.9                668310           6970.2
07:58:08.691 INFO  ProgressMeter -        chr1:99009303             96.1                669840           6973.7
07:58:18.718 INFO  ProgressMeter -        chr1:99219507             96.2                671310           6976.8
07:58:28.734 INFO  ProgressMeter -        chr1:99423472             96.4                672660           6978.7
07:58:38.767 INFO  ProgressMeter -        chr1:99685615             96.6                674470           6985.4
07:58:48.928 INFO  ProgressMeter -        chr1:99837753             96.7                675500           6983.8
07:58:58.950 INFO  ProgressMeter -       chr1:100077372             96.9                677130           6988.6
07:59:08.954 INFO  ProgressMeter -       chr1:100298251             97.1                678610           6991.8
07:59:19.002 INFO  ProgressMeter -       chr1:100563902             97.2                680420           6998.4
08:06:57.727 INFO  ProgressMeter -       chr1:100693278            104.9                681290           6496.5
08:07:07.732 INFO  ProgressMeter -       chr1:100838531            105.0                682280           6495.6
08:07:17.911 INFO  ProgressMeter -       chr1:101041717            105.2                683610           6497.8
08:07:31.624 INFO  ProgressMeter -       chr1:101272211            105.4                685180           6498.6
08:07:41.829 INFO  ProgressMeter -       chr1:101451307            105.6                686410           6499.8
08:07:51.835 INFO  ProgressMeter -       chr1:101672549            105.8                687920           6503.8
08:08:01.880 INFO  ProgressMeter -       chr1:101881404            105.9                689380           6507.3
08:08:11.901 INFO  ProgressMeter -       chr1:102095315            106.1                690870           6511.1
08:08:21.908 INFO  ProgressMeter -       chr1:102314577            106.3                692400           6515.3
08:08:31.936 INFO  ProgressMeter -       chr1:102578152            106.4                694270           6522.6
08:08:42.821 INFO  ProgressMeter -       chr1:102840175            106.6                696060           6528.3
08:08:52.828 INFO  ProgressMeter -       chr1:103163175            106.8                698390           6539.9
08:09:02.832 INFO  ProgressMeter -       chr1:103424828            107.0                700240           6547.0
08:09:12.918 INFO  ProgressMeter -       chr1:103865168            107.1                702670           6559.4
08:09:22.925 INFO  ProgressMeter -       chr1:104115158            107.3                704400           6565.4
08:09:33.036 INFO  ProgressMeter -       chr1:104389099            107.5                706290           6572.7
08:09:43.090 INFO  ProgressMeter -       chr1:104594129            107.6                707730           6575.8
08:09:53.096 INFO  ProgressMeter -       chr1:104861098            107.8                709570           6582.7
08:10:03.153 INFO  ProgressMeter -       chr1:105112231            108.0                711350           6589.0
08:10:13.165 INFO  ProgressMeter -       chr1:105411726            108.1                713430           6598.0
08:10:23.191 INFO  ProgressMeter -       chr1:105701335            108.3                715490           6606.9
08:10:33.235 INFO  ProgressMeter -       chr1:105943712            108.5                717150           6612.0
08:10:43.238 INFO  ProgressMeter -       chr1:106256425            108.6                719300           6621.6
08:10:53.250 INFO  ProgressMeter -       chr1:106505963            108.8                721010           6627.2
08:11:03.342 INFO  ProgressMeter -       chr1:106693654            109.0                722300           6628.8
08:11:13.376 INFO  ProgressMeter -       chr1:106884726            109.1                723620           6630.7
08:11:23.396 INFO  ProgressMeter -       chr1:107298474            109.3                726480           6646.8
08:11:33.439 INFO  ProgressMeter -       chr1:107663723            109.5                729020           6659.8
08:11:43.444 INFO  ProgressMeter -       chr1:108014490            109.6                731490           6672.2
08:11:53.463 INFO  ProgressMeter -       chr1:108215574            109.8                732910           6675.0
08:12:03.481 INFO  ProgressMeter -       chr1:108506267            110.0                734330           6677.8
08:12:13.558 INFO  ProgressMeter -       chr1:108683276            110.1                735500           6678.2
08:12:23.630 INFO  ProgressMeter -       chr1:108983063            110.3                737520           6686.4
08:12:33.755 INFO  ProgressMeter -       chr1:109252949            110.5                739380           6693.0
08:12:43.799 INFO  ProgressMeter -       chr1:109472690            110.6                740840           6696.1
08:12:54.502 INFO  ProgressMeter -       chr1:109705858            110.8                742330           6698.7
08:13:04.820 INFO  ProgressMeter -       chr1:109840312            111.0                743220           6696.4
08:13:14.855 INFO  ProgressMeter -       chr1:110020257            111.2                744410           6697.0
08:13:24.868 INFO  ProgressMeter -       chr1:110321355            111.3                746470           6705.5
08:13:34.872 INFO  ProgressMeter -       chr1:110635497            111.5                748590           6714.5
08:13:45.199 INFO  ProgressMeter -       chr1:110818343            111.7                749870           6715.6
08:13:55.481 INFO  ProgressMeter -       chr1:110939270            111.8                750640           6712.2
08:14:05.663 INFO  ProgressMeter -       chr1:111054840            112.0                751390           6708.7
08:14:15.949 INFO  ProgressMeter -       chr1:111238607            112.2                752640           6709.6
08:14:27.274 INFO  ProgressMeter -       chr1:111381731            112.4                753610           6706.9
08:14:37.277 INFO  ProgressMeter -       chr1:111614996            112.5                755190           6711.0
08:14:47.448 INFO  ProgressMeter -       chr1:111913086            112.7                757210           6718.9
08:14:57.452 INFO  ProgressMeter -       chr1:112283380            112.9                759790           6731.8
08:15:07.476 INFO  ProgressMeter -       chr1:112572140            113.0                761760           6739.3
08:15:17.721 INFO  ProgressMeter -       chr1:112817302            113.2                763400           6743.6
08:15:27.738 INFO  ProgressMeter -       chr1:113119932            113.4                765420           6751.5
08:15:37.751 INFO  ProgressMeter -       chr1:113332457            113.5                766850           6754.2
08:15:47.836 INFO  ProgressMeter -       chr1:113471912            113.7                767820           6752.7
08:15:57.873 INFO  ProgressMeter -       chr1:113683377            113.9                769230           6755.2
08:16:08.086 INFO  ProgressMeter -       chr1:114016982            114.0                771480           6764.8
08:16:18.930 INFO  ProgressMeter -       chr1:114245114            114.2                773020           6767.6
08:16:30.035 INFO  ProgressMeter -       chr1:114469748            114.4                774510           6769.7
08:16:40.140 INFO  ProgressMeter -       chr1:114788556            114.6                776650           6778.4
08:16:50.234 INFO  ProgressMeter -       chr1:114961023            114.7                777810           6778.6
08:17:00.259 INFO  ProgressMeter -       chr1:115210748            114.9                779510           6783.5
08:17:10.284 INFO  ProgressMeter -       chr1:115521354            115.1                781630           6792.1
08:17:20.924 INFO  ProgressMeter -       chr1:115638781            115.3                782430           6788.6
08:17:30.961 INFO  ProgressMeter -       chr1:115931700            115.4                784460           6796.3
08:17:40.995 INFO  ProgressMeter -       chr1:116147460            115.6                785900           6798.9
08:17:51.011 INFO  ProgressMeter -       chr1:116523118            115.8                788430           6811.0
08:18:01.161 INFO  ProgressMeter -       chr1:116633973            115.9                789170           6807.4
08:18:11.205 INFO  ProgressMeter -       chr1:116750196            116.1                789960           6804.4
08:18:21.208 INFO  ProgressMeter -       chr1:117027541            116.3                791820           6810.7
08:18:31.218 INFO  ProgressMeter -       chr1:117342906            116.4                793960           6819.3
08:18:41.231 INFO  ProgressMeter -       chr1:117683663            116.6                796300           6829.6
08:18:51.354 INFO  ProgressMeter -       chr1:117845432            116.8                797430           6829.4
08:19:01.356 INFO  ProgressMeter -       chr1:118212713            116.9                799860           6840.5
08:19:11.386 INFO  ProgressMeter -       chr1:118533097            117.1                802090           6849.7
08:19:21.398 INFO  ProgressMeter -       chr1:118648582            117.3                802890           6846.8
08:19:31.404 INFO  ProgressMeter -       chr1:119045499            117.4                805520           6859.5
08:19:41.485 INFO  ProgressMeter -       chr1:119172957            117.6                806390           6857.1
08:19:51.515 INFO  ProgressMeter -       chr1:119400114            117.8                807890           6860.1
08:20:01.515 INFO  ProgressMeter -       chr1:119630648            117.9                809470           6863.8
08:20:11.520 INFO  ProgressMeter -       chr1:120141756            118.1                812490           6879.7
08:20:21.833 INFO  ProgressMeter -       chr1:121392853            118.3                817880           6915.2
08:20:31.869 INFO  ProgressMeter -       chr1:121509883            118.4                818640           6911.9
08:20:43.081 INFO  ProgressMeter -       chr1:121613721            118.6                819330           6906.8
08:20:53.102 INFO  ProgressMeter -       chr1:122926658            118.8                825210           6946.6
08:21:03.102 INFO  ProgressMeter -       chr1:124129439            119.0                830910           6984.8
08:21:13.119 INFO  ProgressMeter -       chr1:124945610            119.1                834910           7008.6
08:21:24.340 INFO  ProgressMeter -       chr1:125002456            119.3                835240           7000.4
08:21:35.788 INFO  ProgressMeter -       chr1:125028457            119.5                835400           6990.5
08:21:45.840 INFO  ProgressMeter -       chr1:125041269            119.7                835470           6981.3
08:21:57.892 INFO  ProgressMeter -       chr1:125056355            119.9                835550           6970.3
08:22:08.296 INFO  ProgressMeter -       chr1:125069214            120.0                835620           6960.8
08:22:19.872 INFO  ProgressMeter -       chr1:125096502            120.2                835770           6950.9
08:22:30.126 INFO  ProgressMeter -       chr1:125116843            120.4                835900           6942.1
08:22:40.228 INFO  ProgressMeter -       chr1:125149895            120.6                836090           6934.0
08:22:50.605 INFO  ProgressMeter -       chr1:125181930            120.8                836280           6925.6
08:23:00.668 INFO  ProgressMeter -       chr1:143266541            120.9                896840           7416.8
08:23:11.400 INFO  ProgressMeter -       chr1:143541321            121.1                898210           7417.2
08:23:21.413 INFO  ProgressMeter -       chr1:145579851            121.3                906680           7476.8
08:23:31.431 INFO  ProgressMeter -       chr1:146548646            121.4                911470           7506.0
08:23:41.450 INFO  ProgressMeter -       chr1:146820507            121.6                913550           7512.8
08:23:51.533 INFO  ProgressMeter -       chr1:147098791            121.8                915280           7516.6
08:24:01.539 INFO  ProgressMeter -       chr1:147356074            121.9                917050           7520.9
08:24:11.567 INFO  ProgressMeter -       chr1:147685806            122.1                919320           7529.2
08:24:21.594 INFO  ProgressMeter -       chr1:148124643            122.3                921850           7539.6
08:24:31.602 INFO  ProgressMeter -       chr1:149763702            122.4                928700           7585.3
08:24:41.669 INFO  ProgressMeter -       chr1:150062176            122.6                930410           7588.8
08:24:51.678 INFO  ProgressMeter -       chr1:150405842            122.8                932760           7597.7
08:25:01.696 INFO  ProgressMeter -       chr1:150706163            122.9                934800           7603.9
08:25:11.699 INFO  ProgressMeter -       chr1:150984883            123.1                936670           7608.8
08:25:21.805 INFO  ProgressMeter -       chr1:151267885            123.3                938580           7613.9
08:25:31.806 INFO  ProgressMeter -       chr1:151734359            123.4                941720           7629.1
08:25:42.153 INFO  ProgressMeter -       chr1:152078659            123.6                944040           7637.2
08:25:52.340 INFO  ProgressMeter -       chr1:152313417            123.8                945590           7639.3
08:26:02.385 INFO  ProgressMeter -       chr1:152585700            123.9                947450           7643.9
08:26:12.474 INFO  ProgressMeter -       chr1:153016518            124.1                950360           7657.0
08:26:22.516 INFO  ProgressMeter -       chr1:153318870            124.3                952430           7663.4
08:26:32.518 INFO  ProgressMeter -       chr1:153729842            124.5                955140           7674.9
08:26:42.537 INFO  ProgressMeter -       chr1:154101663            124.6                957550           7683.9
08:26:52.888 INFO  ProgressMeter -       chr1:154380229            124.8                959340           7687.7
08:27:02.900 INFO  ProgressMeter -       chr1:154741635            125.0                961790           7697.0
08:27:13.384 INFO  ProgressMeter -       chr1:155151009            125.1                964510           7708.0
08:27:24.001 INFO  ProgressMeter -       chr1:155626618            125.3                967520           7721.1
08:27:34.258 INFO  ProgressMeter -       chr1:155988764            125.5                969920           7729.7
08:27:44.265 INFO  ProgressMeter -       chr1:156475614            125.6                973180           7745.4
08:27:54.282 INFO  ProgressMeter -       chr1:156938034            125.8                976330           7760.2
08:28:07.607 INFO  ProgressMeter -       chr1:157075020            126.0                977240           7753.7
08:28:18.187 INFO  ProgressMeter -       chr1:157331277            126.2                978990           7756.8
08:34:55.024 INFO  ProgressMeter -       chr1:157368908            132.8                979250           7372.5
08:35:05.031 INFO  ProgressMeter -       chr1:157528500            133.0                980350           7371.5
08:35:15.036 INFO  ProgressMeter -       chr1:157788959            133.2                982110           7375.5
08:35:25.601 INFO  ProgressMeter -       chr1:158177096            133.3                984810           7386.0
08:35:35.603 INFO  ProgressMeter -       chr1:158435911            133.5                986520           7389.6
08:35:45.726 INFO  ProgressMeter -       chr1:158603474            133.7                987660           7388.8
08:35:56.196 INFO  ProgressMeter -       chr1:158949070            133.8                990030           7396.9
08:36:06.247 INFO  ProgressMeter -       chr1:159236610            134.0                992000           7402.3
08:36:16.260 INFO  ProgressMeter -       chr1:159547957            134.2                994150           7409.1
08:36:26.264 INFO  ProgressMeter -       chr1:159873655            134.3                996360           7416.4
08:36:37.040 INFO  ProgressMeter -       chr1:160266984            134.5                999060           7426.5
08:36:47.054 INFO  ProgressMeter -       chr1:160569688            134.7               1001080           7432.3
08:36:57.179 INFO  ProgressMeter -       chr1:160701043            134.9               1001980           7429.7
08:37:11.074 INFO  ProgressMeter -       chr1:160896684            135.1               1003340           7427.0
08:37:21.114 INFO  ProgressMeter -       chr1:161141998            135.3               1004980           7430.0
08:37:31.126 INFO  ProgressMeter -       chr1:161410905            135.4               1006750           7433.9
08:37:42.083 INFO  ProgressMeter -       chr1:161685766            135.6               1008310           7435.4
08:37:52.508 INFO  ProgressMeter -       chr1:161991376            135.8               1010460           7441.7
08:38:02.614 INFO  ProgressMeter -       chr1:162320540            136.0               1012730           7449.2
08:38:12.635 INFO  ProgressMeter -       chr1:162668958            136.1               1015170           7458.0
08:38:22.771 INFO  ProgressMeter -       chr1:163014246            136.3               1017530           7466.0
08:38:32.774 INFO  ProgressMeter -       chr1:163297231            136.5               1019460           7471.1
08:38:42.783 INFO  ProgressMeter -       chr1:163623028            136.6               1021740           7478.6
08:38:52.794 INFO  ProgressMeter -       chr1:163949192            136.8               1023960           7485.7
08:39:02.822 INFO  ProgressMeter -       chr1:164206072            137.0               1025710           7489.4
08:39:13.989 INFO  ProgressMeter -       chr1:164357501            137.1               1026720           7486.6
08:39:24.000 INFO  ProgressMeter -       chr1:164810912            137.3               1029780           7499.8
08:39:34.085 INFO  ProgressMeter -       chr1:165160676            137.5               1032180           7508.1
08:39:44.166 INFO  ProgressMeter -       chr1:165615548            137.6               1035350           7521.9
08:39:54.210 INFO  ProgressMeter -       chr1:165880079            137.8               1037170           7526.0
08:40:04.225 INFO  ProgressMeter -       chr1:166104608            138.0               1038730           7528.2
08:40:14.244 INFO  ProgressMeter -       chr1:166371326            138.1               1040520           7532.1
08:40:24.734 INFO  ProgressMeter -       chr1:166551871            138.3               1041720           7531.2
08:40:35.706 INFO  ProgressMeter -       chr1:166749038            138.5               1043050           7530.9
08:40:45.800 INFO  ProgressMeter -       chr1:167018005            138.7               1044870           7534.9
08:40:56.173 INFO  ProgressMeter -       chr1:167319500            138.8               1046940           7540.4
08:41:06.197 INFO  ProgressMeter -       chr1:167743607            139.0               1049840           7552.2
08:45:18.573 INFO  ProgressMeter -       chr1:167775114            143.2               1050060           7331.9
08:45:28.620 INFO  ProgressMeter -       chr1:167984531            143.4               1051480           7333.3
08:45:38.632 INFO  ProgressMeter -       chr1:168224491            143.6               1053080           7335.9
08:45:48.669 INFO  ProgressMeter -       chr1:168418757            143.7               1054380           7336.4
08:45:58.744 INFO  ProgressMeter -       chr1:168700956            143.9               1056280           7341.0
08:46:08.753 INFO  ProgressMeter -       chr1:168986993            144.1               1058280           7346.4
08:46:19.009 INFO  ProgressMeter -       chr1:169215487            144.2               1059790           7348.2
08:46:29.145 INFO  ProgressMeter -       chr1:169417413            144.4               1061170           7349.1
08:46:39.317 INFO  ProgressMeter -       chr1:169668037            144.6               1062860           7352.2
08:46:49.334 INFO  ProgressMeter -       chr1:169969421            144.7               1064860           7357.5
08:46:59.465 INFO  ProgressMeter -       chr1:170229977            144.9               1066640           7361.3
08:47:09.540 INFO  ProgressMeter -       chr1:170482269            145.1               1068390           7364.8
08:47:19.558 INFO  ProgressMeter -       chr1:170773655            145.2               1070390           7370.1
08:47:29.612 INFO  ProgressMeter -       chr1:171021976            145.4               1072110           7373.4
08:47:40.132 INFO  ProgressMeter -       chr1:171239241            145.6               1073570           7374.6
08:47:50.325 INFO  ProgressMeter -       chr1:171273526            145.7               1073800           7367.6
08:48:00.360 INFO  ProgressMeter -       chr1:171432111            145.9               1074860           7366.4
08:48:10.383 INFO  ProgressMeter -       chr1:171758892            146.1               1077100           7373.3
08:48:20.393 INFO  ProgressMeter -       chr1:172044398            146.2               1079080           7378.4
08:48:30.398 INFO  ProgressMeter -       chr1:172420110            146.4               1081670           7387.7
08:48:40.747 INFO  ProgressMeter -       chr1:172692780            146.6               1083540           7391.8
08:48:50.864 INFO  ProgressMeter -       chr1:172927997            146.8               1085120           7394.0
08:49:00.884 INFO  ProgressMeter -       chr1:173148099            146.9               1086600           7395.7
08:49:11.185 INFO  ProgressMeter -       chr1:173369907            147.1               1088050           7396.9
08:49:21.207 INFO  ProgressMeter -       chr1:173522631            147.3               1089090           7395.6
08:49:31.210 INFO  ProgressMeter -       chr1:173684413            147.4               1090140           7394.4
08:49:41.275 INFO  ProgressMeter -       chr1:173814806            147.6               1091000           7391.8
08:49:52.679 INFO  ProgressMeter -       chr1:174145638            147.8               1093230           7397.4
08:50:02.698 INFO  ProgressMeter -       chr1:174409738            148.0               1095010           7401.1
08:50:12.718 INFO  ProgressMeter -       chr1:174698883            148.1               1096940           7405.7
08:50:22.719 INFO  ProgressMeter -       chr1:174951371            148.3               1098670           7409.1
08:50:32.757 INFO  ProgressMeter -       chr1:175242660            148.5               1100710           7414.5
08:50:42.773 INFO  ProgressMeter -       chr1:175552988            148.6               1102860           7420.6
08:50:52.898 INFO  ProgressMeter -       chr1:175922471            148.8               1105420           7429.4
08:51:02.933 INFO  ProgressMeter -       chr1:176235678            149.0               1107600           7435.7
08:51:12.950 INFO  ProgressMeter -       chr1:176431530            149.1               1108890           7436.0
08:51:22.957 INFO  ProgressMeter -       chr1:176762871            149.3               1111120           7442.7
08:51:32.968 INFO  ProgressMeter -       chr1:177301709            149.5               1114760           7458.7
08:51:42.971 INFO  ProgressMeter -       chr1:177597563            149.6               1116800           7464.0
08:51:53.141 INFO  ProgressMeter -       chr1:177894648            149.8               1118890           7469.5
08:52:03.454 INFO  ProgressMeter -       chr1:178142402            150.0               1120540           7472.0
08:52:13.473 INFO  ProgressMeter -       chr1:178467326            150.1               1122730           7478.3
08:52:24.800 INFO  ProgressMeter -       chr1:178747437            150.3               1124650           7481.6
08:52:34.942 INFO  ProgressMeter -       chr1:179056916            150.5               1126710           7486.9
08:52:45.112 INFO  ProgressMeter -       chr1:179393587            150.7               1129000           7493.7
08:52:57.092 INFO  ProgressMeter -       chr1:179456907            150.9               1129410           7486.5
08:53:08.645 INFO  ProgressMeter -       chr1:179589178            151.1               1130290           7482.8
08:53:18.654 INFO  ProgressMeter -       chr1:179772677            151.2               1131540           7482.8
08:53:28.716 INFO  ProgressMeter -       chr1:180210035            151.4               1134510           7494.1
08:53:38.719 INFO  ProgressMeter -       chr1:180442351            151.6               1136080           7496.2
08:53:48.808 INFO  ProgressMeter -       chr1:180680952            151.7               1137730           7498.8
08:53:59.103 INFO  ProgressMeter -       chr1:181066897            151.9               1140350           7507.6
08:54:09.103 INFO  ProgressMeter -       chr1:181277337            152.1               1141790           7508.8
08:54:19.175 INFO  ProgressMeter -       chr1:181626702            152.2               1144200           7516.4
08:54:29.190 INFO  ProgressMeter -       chr1:181889489            152.4               1145980           7519.8
08:54:39.192 INFO  ProgressMeter -       chr1:182084077            152.6               1147270           7520.1
08:54:49.341 INFO  ProgressMeter -       chr1:182386455            152.7               1149330           7525.2
08:54:59.369 INFO  ProgressMeter -       chr1:182639048            152.9               1151020           7528.0
08:55:09.972 INFO  ProgressMeter -       chr1:182882533            153.1               1152670           7530.1
08:55:23.883 INFO  ProgressMeter -       chr1:182960148            153.3               1153180           7522.1
08:55:33.910 INFO  ProgressMeter -       chr1:183384441            153.5               1156110           7533.0
08:55:44.243 INFO  ProgressMeter -       chr1:183708138            153.6               1158270           7538.6
08:55:54.257 INFO  ProgressMeter -       chr1:184068073            153.8               1160690           7546.1
08:56:04.282 INFO  ProgressMeter -       chr1:184363433            154.0               1162730           7551.2
09:23:35.457 INFO  ProgressMeter -       chr1:184366138            181.5               1162750           6406.4
09:23:45.485 INFO  ProgressMeter -       chr1:184660279            181.7               1164730           6411.4
09:23:55.500 INFO  ProgressMeter -       chr1:184912641            181.8               1166460           6415.0
09:24:05.746 INFO  ProgressMeter -       chr1:185199606            182.0               1168410           6419.7
09:24:15.757 INFO  ProgressMeter -       chr1:185488118            182.2               1170370           6424.6
09:24:25.780 INFO  ProgressMeter -       chr1:185654470            182.3               1171510           6424.9
09:24:35.794 INFO  ProgressMeter -       chr1:186017590            182.5               1173910           6432.2
09:24:45.896 INFO  ProgressMeter -       chr1:186247176            182.7               1175480           6434.9
09:24:55.905 INFO  ProgressMeter -       chr1:186540517            182.8               1177400           6439.5
09:25:05.906 INFO  ProgressMeter -       chr1:186903324            183.0               1179890           6447.3
09:25:15.962 INFO  ProgressMeter -       chr1:187025325            183.2               1180720           6445.9
09:25:25.978 INFO  ProgressMeter -       chr1:187393860            183.3               1183230           6453.7
09:25:36.065 INFO  ProgressMeter -       chr1:187643664            183.5               1184950           6457.2
09:25:46.074 INFO  ProgressMeter -       chr1:188027115            183.7               1187690           6466.2
09:25:56.150 INFO  ProgressMeter -       chr1:188293600            183.8               1189580           6470.6
09:26:06.313 INFO  ProgressMeter -       chr1:188564147            184.0               1191520           6475.2
09:26:16.321 INFO  ProgressMeter -       chr1:188803060            184.2               1193210           6478.5
09:26:26.337 INFO  ProgressMeter -       chr1:189089810            184.3               1195230           6483.6
09:26:36.337 INFO  ProgressMeter -       chr1:189381501            184.5               1197240           6488.6
09:26:46.404 INFO  ProgressMeter -       chr1:189728901            184.7               1199690           6496.0
09:26:56.446 INFO  ProgressMeter -       chr1:190073283            184.8               1202140           6503.4
09:27:06.476 INFO  ProgressMeter -       chr1:190583194            185.0               1205710           6516.8
09:27:16.478 INFO  ProgressMeter -       chr1:190999278            185.2               1208670           6526.9
09:27:26.503 INFO  ProgressMeter -       chr1:191309564            185.3               1210860           6532.8
09:27:36.543 INFO  ProgressMeter -       chr1:191679783            185.5               1213450           6540.9
09:27:46.547 INFO  ProgressMeter -       chr1:192001151            185.7               1215710           6547.2
09:27:56.563 INFO  ProgressMeter -       chr1:192328503            185.9               1218030           6553.8
09:28:06.584 INFO  ProgressMeter -       chr1:192675958            186.0               1220410           6560.7
09:28:16.733 INFO  ProgressMeter -       chr1:192886634            186.2               1221890           6562.7
09:28:26.796 INFO  ProgressMeter -       chr1:193219261            186.4               1224150           6568.9
09:28:36.798 INFO  ProgressMeter -       chr1:193516500            186.5               1226170           6573.9
09:28:46.916 INFO  ProgressMeter -       chr1:193824211            186.7               1228320           6579.5
09:28:58.454 INFO  ProgressMeter -       chr1:194190279            186.9               1230870           6586.3
09:29:08.454 INFO  ProgressMeter -       chr1:194569294            187.0               1233450           6594.3
09:29:18.465 INFO  ProgressMeter -       chr1:194973755            187.2               1236280           6603.5
09:29:28.492 INFO  ProgressMeter -       chr1:195392839            187.4               1239230           6613.4
09:29:38.531 INFO  ProgressMeter -       chr1:195747849            187.6               1241660           6620.4
09:29:48.569 INFO  ProgressMeter -       chr1:196157938            187.7               1244500           6629.6
09:29:58.612 INFO  ProgressMeter -       chr1:196594623            187.9               1247540           6639.9
09:30:08.624 INFO  ProgressMeter -       chr1:197059589            188.1               1250560           6650.1
09:30:18.741 INFO  ProgressMeter -       chr1:197341843            188.2               1252450           6654.2
09:30:28.750 INFO  ProgressMeter -       chr1:197717409            188.4               1255000           6661.8
09:30:38.754 INFO  ProgressMeter -       chr1:197956208            188.6               1256620           6664.5
09:30:48.782 INFO  ProgressMeter -       chr1:198215934            188.7               1258440           6668.3
09:30:58.806 INFO  ProgressMeter -       chr1:198570202            188.9               1260930           6675.5
09:31:08.808 INFO  ProgressMeter -       chr1:198823797            189.1               1262670           6678.9
09:31:18.882 INFO  ProgressMeter -       chr1:199049936            189.2               1264200           6681.0
09:31:29.201 INFO  ProgressMeter -       chr1:199337179            189.4               1266150           6685.2
09:31:39.203 INFO  ProgressMeter -       chr1:199536050            189.6               1267500           6686.5
09:31:49.208 INFO  ProgressMeter -       chr1:199725912            189.7               1268780           6687.4
09:31:59.225 INFO  ProgressMeter -       chr1:200118951            189.9               1271490           6695.7
09:32:09.243 INFO  ProgressMeter -       chr1:200448387            190.1               1273760           6701.8
09:32:19.315 INFO  ProgressMeter -       chr1:200752860            190.2               1275860           6706.9
09:32:29.323 INFO  ProgressMeter -       chr1:201070884            190.4               1277980           6712.2
09:32:39.338 INFO  ProgressMeter -       chr1:201410306            190.6               1280370           6718.9
09:32:49.370 INFO  ProgressMeter -       chr1:201654893            190.7               1282050           6721.8
09:33:00.581 INFO  ProgressMeter -       chr1:201978409            190.9               1284190           6726.4
09:33:10.586 INFO  ProgressMeter -       chr1:202190404            191.1               1285630           6728.1
09:33:20.723 INFO  ProgressMeter -       chr1:202484880            191.3               1287670           6732.8
09:33:30.748 INFO  ProgressMeter -       chr1:202713984            191.4               1289230           6735.1
09:33:41.371 INFO  ProgressMeter -       chr1:202913675            191.6               1290550           6735.7
09:33:51.378 INFO  ProgressMeter -       chr1:203059952            191.8               1291540           6735.0
09:34:01.461 INFO  ProgressMeter -       chr1:203377190            191.9               1293700           6740.4
09:34:11.472 INFO  ProgressMeter -       chr1:203641977            192.1               1295540           6744.1
09:34:21.479 INFO  ProgressMeter -       chr1:203788396            192.3               1296510           6743.3
09:34:31.509 INFO  ProgressMeter -       chr1:203953357            192.4               1297640           6743.3
09:34:41.557 INFO  ProgressMeter -       chr1:204172984            192.6               1299140           6745.2
09:34:51.569 INFO  ProgressMeter -       chr1:204381178            192.8               1300570           6746.8
09:35:01.581 INFO  ProgressMeter -       chr1:204636826            192.9               1302320           6750.1
09:35:11.626 INFO  ProgressMeter -       chr1:204910195            193.1               1304170           6753.8
09:35:21.630 INFO  ProgressMeter -       chr1:205252240            193.3               1306520           6760.1
09:35:31.817 INFO  ProgressMeter -       chr1:205560699            193.4               1308640           6765.2
09:35:41.890 INFO  ProgressMeter -       chr1:205856529            193.6               1310650           6769.7
09:35:51.932 INFO  ProgressMeter -       chr1:205918490            193.8               1311030           6765.8
09:36:04.430 INFO  ProgressMeter -       chr1:206530355            194.0               1314520           6776.5
09:36:14.431 INFO  ProgressMeter -       chr1:206874732            194.1               1316870           6782.8
09:36:24.642 INFO  ProgressMeter -       chr1:207200353            194.3               1319100           6788.3
09:36:34.677 INFO  ProgressMeter -       chr1:207447671            194.5               1320790           6791.2
09:36:44.715 INFO  ProgressMeter -       chr1:207745795            194.7               1322630           6794.8
09:36:54.722 INFO  ProgressMeter -       chr1:208129523            194.8               1325240           6802.4
09:37:04.860 INFO  ProgressMeter -       chr1:208570718            195.0               1328240           6811.9
09:37:14.866 INFO  ProgressMeter -       chr1:208960161            195.2               1330920           6819.8
09:37:27.349 INFO  ProgressMeter -       chr1:209232974            195.4               1332790           6822.1
09:37:37.383 INFO  ProgressMeter -       chr1:209594435            195.5               1335240           6828.8
09:37:47.393 INFO  ProgressMeter -       chr1:209988275            195.7               1337880           6836.5
09:37:57.400 INFO  ProgressMeter -       chr1:210255737            195.9               1339700           6839.9
09:38:07.418 INFO  ProgressMeter -       chr1:210365260            196.0               1340440           6837.9
09:38:17.427 INFO  ProgressMeter -       chr1:210741234            196.2               1343010           6845.2
09:38:27.455 INFO  ProgressMeter -       chr1:210958523            196.4               1344510           6847.0
09:38:37.549 INFO  ProgressMeter -       chr1:211169128            196.5               1345890           6848.1
09:38:47.563 INFO  ProgressMeter -       chr1:211397409            196.7               1347480           6850.4
09:38:57.611 INFO  ProgressMeter -       chr1:211520624            196.9               1348300           6848.7
09:39:07.615 INFO  ProgressMeter -       chr1:211731197            197.0               1349700           6850.1
09:39:17.638 INFO  ProgressMeter -       chr1:211922317            197.2               1351000           6850.8
09:39:27.712 INFO  ProgressMeter -       chr1:212065071            197.4               1351960           6849.9
09:39:40.485 INFO  ProgressMeter -       chr1:212309627            197.6               1353590           6850.7
09:39:50.486 INFO  ProgressMeter -       chr1:212657954            197.7               1355940           6856.9
09:40:00.533 INFO  ProgressMeter -       chr1:212947587            197.9               1357950           6861.2
09:40:10.565 INFO  ProgressMeter -       chr1:213148685            198.1               1359290           6862.2
09:40:20.728 INFO  ProgressMeter -       chr1:213460313            198.3               1361410           6867.0
09:40:30.955 INFO  ProgressMeter -       chr1:213739190            198.4               1363340           6870.8
09:40:41.396 INFO  ProgressMeter -       chr1:214098902            198.6               1365750           6877.0
09:40:51.426 INFO  ProgressMeter -       chr1:214342355            198.8               1367420           6879.6
09:41:04.138 INFO  ProgressMeter -       chr1:214532414            199.0               1368710           6878.7
09:41:16.932 INFO  ProgressMeter -       chr1:214613559            199.2               1369250           6874.1
09:41:26.979 INFO  ProgressMeter -       chr1:214755174            199.4               1370170           6872.9
09:41:36.981 INFO  ProgressMeter -       chr1:214921811            199.5               1371300           6872.8
09:41:47.100 INFO  ProgressMeter -       chr1:215157524            199.7               1372930           6875.2
09:41:57.132 INFO  ProgressMeter -       chr1:215364037            199.9               1374370           6876.7
09:42:07.144 INFO  ProgressMeter -       chr1:215524988            200.0               1375450           6876.3
09:42:17.145 INFO  ProgressMeter -       chr1:215780716            200.2               1377170           6879.2
09:42:27.151 INFO  ProgressMeter -       chr1:216021748            200.4               1378780           6881.5
09:42:37.232 INFO  ProgressMeter -       chr1:216278266            200.5               1380510           6884.4
09:42:47.263 INFO  ProgressMeter -       chr1:216580561            200.7               1382590           6889.0
09:42:57.273 INFO  ProgressMeter -       chr1:216872376            200.9               1384620           6893.4
09:43:07.293 INFO  ProgressMeter -       chr1:217146647            201.0               1386490           6896.9
09:43:17.312 INFO  ProgressMeter -       chr1:217386186            201.2               1388130           6899.4
09:43:27.344 INFO  ProgressMeter -       chr1:217617763            201.4               1389710           6901.5
09:43:37.690 INFO  ProgressMeter -       chr1:217830118            201.5               1391170           6902.8
09:43:47.742 INFO  ProgressMeter -       chr1:218018856            201.7               1392480           6903.6
09:43:57.780 INFO  ProgressMeter -       chr1:218264773            201.9               1394210           6906.4
09:44:07.820 INFO  ProgressMeter -       chr1:218476779            202.0               1395620           6907.7
09:44:18.489 INFO  ProgressMeter -       chr1:218649388            202.2               1396820           6907.6
09:44:28.614 INFO  ProgressMeter -       chr1:218822057            202.4               1397990           6907.6
09:44:38.779 INFO  ProgressMeter -       chr1:219023969            202.6               1399390           6908.7
09:44:48.781 INFO  ProgressMeter -       chr1:219183547            202.7               1400500           6908.5
09:44:58.797 INFO  ProgressMeter -       chr1:219378412            202.9               1401850           6909.5
09:45:09.314 INFO  ProgressMeter -       chr1:219645303            203.1               1403700           6912.6
09:45:20.121 INFO  ProgressMeter -       chr1:219768024            203.2               1404550           6910.7
09:45:30.184 INFO  ProgressMeter -       chr1:220003970            203.4               1406180           6913.0
09:45:40.188 INFO  ProgressMeter -       chr1:220244837            203.6               1407780           6915.2
09:45:50.889 INFO  ProgressMeter -       chr1:220267134            203.8               1407910           6909.8
09:46:01.721 INFO  ProgressMeter -       chr1:220317990            203.9               1408270           6905.4
09:46:11.738 INFO  ProgressMeter -       chr1:220510268            204.1               1409620           6906.4
09:46:22.245 INFO  ProgressMeter -       chr1:220718924            204.3               1411050           6907.5
09:46:32.475 INFO  ProgressMeter -       chr1:220897679            204.4               1412220           6907.4
09:46:42.506 INFO  ProgressMeter -       chr1:221172595            204.6               1414120           6911.1
09:46:52.864 INFO  ProgressMeter -       chr1:221365755            204.8               1415470           6911.8
09:47:03.436 INFO  ProgressMeter -       chr1:221592272            205.0               1417030           6913.5
09:47:13.511 INFO  ProgressMeter -       chr1:221903519            205.1               1419180           6918.3
09:47:23.730 INFO  ProgressMeter -       chr1:222135495            205.3               1420700           6920.0
09:47:33.807 INFO  ProgressMeter -       chr1:222243833            205.5               1421450           6918.0
09:47:43.834 INFO  ProgressMeter -       chr1:222435710            205.6               1422810           6919.0
09:47:53.841 INFO  ProgressMeter -       chr1:222642103            205.8               1424190           6920.1
09:48:03.882 INFO  ProgressMeter -       chr1:222871595            206.0               1425760           6922.1
09:48:13.909 INFO  ProgressMeter -       chr1:223058427            206.1               1427010           6922.5
09:48:23.941 INFO  ProgressMeter -       chr1:223286862            206.3               1428540           6924.3
09:48:33.967 INFO  ProgressMeter -       chr1:223521534            206.5               1430160           6926.6
09:48:43.968 INFO  ProgressMeter -       chr1:223849003            206.6               1432270           6931.2
09:48:58.181 INFO  ProgressMeter -       chr1:223865873            206.9               1432380           6923.8
09:49:12.592 INFO  ProgressMeter -       chr1:224013522            207.1               1433300           6920.2
09:49:22.605 INFO  ProgressMeter -       chr1:224246745            207.3               1434940           6922.6
09:49:32.611 INFO  ProgressMeter -       chr1:224508857            207.5               1436740           6925.7
09:49:42.946 INFO  ProgressMeter -       chr1:224606702            207.6               1437420           6923.2
09:49:53.220 INFO  ProgressMeter -       chr1:224795907            207.8               1438700           6923.6
09:50:03.227 INFO  ProgressMeter -       chr1:224939652            208.0               1439630           6922.6
09:50:13.312 INFO  ProgressMeter -       chr1:225076049            208.1               1440540           6921.3
09:50:23.556 INFO  ProgressMeter -       chr1:225200055            208.3               1441380           6919.7
09:50:33.645 INFO  ProgressMeter -       chr1:225260468            208.5               1441780           6916.0
09:50:43.667 INFO  ProgressMeter -       chr1:225499627            208.6               1443400           6918.3
09:50:54.131 INFO  ProgressMeter -       chr1:225801341            208.8               1445500           6922.6
09:51:04.176 INFO  ProgressMeter -       chr1:226136640            209.0               1447780           6927.9
09:51:17.461 INFO  ProgressMeter -       chr1:226380666            209.2               1449410           6928.4
09:51:27.512 INFO  ProgressMeter -       chr1:226502311            209.4               1450220           6926.7
09:51:37.537 INFO  ProgressMeter -       chr1:226735842            209.5               1451810           6928.8
09:51:47.555 INFO  ProgressMeter -       chr1:226939827            209.7               1453190           6929.8
09:51:57.557 INFO  ProgressMeter -       chr1:227228857            209.9               1455170           6933.8
09:52:07.930 INFO  ProgressMeter -       chr1:227403064            210.0               1456370           6933.8
09:52:18.091 INFO  ProgressMeter -       chr1:227477034            210.2               1456870           6930.6
09:52:28.197 INFO  ProgressMeter -       chr1:227542191            210.4               1457260           6926.9
09:52:39.017 INFO  ProgressMeter -       chr1:227625350            210.6               1457800           6923.5
09:52:49.210 INFO  ProgressMeter -       chr1:227680935            210.7               1458180           6919.7
09:52:59.287 INFO  ProgressMeter -       chr1:227841495            210.9               1459210           6919.1
09:53:09.308 INFO  ProgressMeter -       chr1:228108115            211.1               1460990           6922.0
09:53:19.325 INFO  ProgressMeter -       chr1:228334281            211.2               1462500           6923.7
09:53:29.412 INFO  ProgressMeter -       chr1:228527259            211.4               1463820           6924.5
09:53:39.871 INFO  ProgressMeter -       chr1:228687472            211.6               1464580           6922.4
09:53:49.890 INFO  ProgressMeter -       chr1:228914364            211.7               1466120           6924.2
09:53:59.970 INFO  ProgressMeter -       chr1:229053393            211.9               1467090           6923.3
09:54:10.001 INFO  ProgressMeter -       chr1:229306812            212.1               1468800           6925.9
09:54:20.077 INFO  ProgressMeter -       chr1:229517125            212.2               1470240           6927.2
09:54:30.407 INFO  ProgressMeter -       chr1:229690436            212.4               1471410           6927.1
09:54:40.462 INFO  ProgressMeter -       chr1:229792089            212.6               1472090           6924.8
09:54:50.485 INFO  ProgressMeter -       chr1:230030774            212.7               1473710           6927.0
09:55:00.491 INFO  ProgressMeter -       chr1:230380112            212.9               1476110           6932.8
09:55:10.491 INFO  ProgressMeter -       chr1:230539627            213.1               1477200           6932.5
09:55:20.600 INFO  ProgressMeter -       chr1:230656046            213.3               1477990           6930.7
09:55:30.629 INFO  ProgressMeter -       chr1:230869061            213.4               1479420           6932.0
09:55:40.810 INFO  ProgressMeter -       chr1:231075059            213.6               1480830           6933.1
09:55:50.915 INFO  ProgressMeter -       chr1:231312277            213.8               1482390           6934.9
09:56:00.918 INFO  ProgressMeter -       chr1:231513366            213.9               1483780           6936.0
09:56:11.406 INFO  ProgressMeter -       chr1:231688019            214.1               1484960           6935.9
09:56:21.510 INFO  ProgressMeter -       chr1:231908775            214.3               1486470           6937.5
09:56:31.515 INFO  ProgressMeter -       chr1:232130708            214.4               1487940           6938.9
09:56:41.547 INFO  ProgressMeter -       chr1:232297596            214.6               1489090           6938.9
09:56:51.712 INFO  ProgressMeter -       chr1:232613640            214.8               1491290           6943.7
09:57:01.787 INFO  ProgressMeter -       chr1:232919712            214.9               1493380           6948.0
09:57:11.881 INFO  ProgressMeter -       chr1:233164093            215.1               1495060           6950.3
09:57:21.900 INFO  ProgressMeter -       chr1:233382013            215.3               1496550           6951.9
09:57:32.073 INFO  ProgressMeter -       chr1:233580845            215.4               1497940           6952.8
09:57:42.219 INFO  ProgressMeter -       chr1:233827638            215.6               1499640           6955.3
09:57:52.421 INFO  ProgressMeter -       chr1:233985493            215.8               1500710           6954.8
09:58:02.586 INFO  ProgressMeter -       chr1:234166742            216.0               1501930           6954.9
09:58:12.602 INFO  ProgressMeter -       chr1:234441396            216.1               1503760           6958.0
09:58:22.735 INFO  ProgressMeter -       chr1:234847974            216.3               1506470           6965.1
09:58:32.738 INFO  ProgressMeter -       chr1:235267614            216.5               1509330           6973.0
09:58:42.785 INFO  ProgressMeter -       chr1:235570077            216.6               1511420           6977.2
09:58:52.835 INFO  ProgressMeter -       chr1:235739310            216.8               1512580           6977.2
09:59:02.846 INFO  ProgressMeter -       chr1:235948084            217.0               1513990           6978.3
09:59:13.695 INFO  ProgressMeter -       chr1:236113592            217.1               1515120           6977.7
09:59:23.824 INFO  ProgressMeter -       chr1:236313475            217.3               1516460           6978.5
09:59:33.912 INFO  ProgressMeter -       chr1:236577945            217.5               1518310           6981.6
09:59:43.917 INFO  ProgressMeter -       chr1:236928199            217.6               1520700           6987.2
09:59:53.937 INFO  ProgressMeter -       chr1:237225070            217.8               1522740           6991.2
10:00:03.951 INFO  ProgressMeter -       chr1:237521552            218.0               1524770           6995.2
10:00:13.981 INFO  ProgressMeter -       chr1:237825866            218.1               1526850           6999.4
10:00:25.579 INFO  ProgressMeter -       chr1:237945239            218.3               1527650           6996.8
10:00:35.664 INFO  ProgressMeter -       chr1:238089615            218.5               1528630           6995.9
10:00:45.694 INFO  ProgressMeter -       chr1:238362023            218.7               1530520           6999.2
10:00:55.749 INFO  ProgressMeter -       chr1:238516112            218.8               1531600           6998.8
10:01:05.934 INFO  ProgressMeter -       chr1:238832936            219.0               1533840           7003.6
10:10:41.201 INFO  ProgressMeter -       chr1:239064821            228.6               1535460           6717.0
10:10:51.284 INFO  ProgressMeter -       chr1:239230968            228.8               1536580           6716.9
10:11:01.325 INFO  ProgressMeter -       chr1:239454626            228.9               1538090           6718.6
10:11:11.361 INFO  ProgressMeter -       chr1:239709843            229.1               1539850           6721.4
10:11:21.492 INFO  ProgressMeter -       chr1:239941511            229.3               1541450           6723.4
10:11:31.713 INFO  ProgressMeter -       chr1:240079563            229.4               1542380           6722.5
10:11:41.904 INFO  ProgressMeter -       chr1:240225476            229.6               1543350           6721.7
10:11:51.920 INFO  ProgressMeter -       chr1:240454445            229.8               1544950           6723.8
10:12:01.987 INFO  ProgressMeter -       chr1:240769245            229.9               1547060           6728.1
10:12:13.695 INFO  ProgressMeter -       chr1:240771180            230.1               1547070           6722.4
10:12:23.798 INFO  ProgressMeter -       chr1:240957554            230.3               1548350           6723.0
10:12:33.808 INFO  ProgressMeter -       chr1:241325193            230.5               1550880           6729.2
10:12:43.841 INFO  ProgressMeter -       chr1:241560482            230.6               1552540           6731.5
10:12:53.896 INFO  ProgressMeter -       chr1:241804819            230.8               1554220           6733.9
10:13:04.671 INFO  ProgressMeter -       chr1:242044464            231.0               1555970           6736.2
10:13:14.683 INFO  ProgressMeter -       chr1:242172710            231.2               1556830           6735.1
10:13:24.760 INFO  ProgressMeter -       chr1:242339804            231.3               1558040           6735.4
10:13:34.923 INFO  ProgressMeter -       chr1:242483219            231.5               1559030           6734.8
10:13:45.220 INFO  ProgressMeter -       chr1:242699136            231.7               1560530           6736.2
10:13:55.558 INFO  ProgressMeter -       chr1:242854081            231.8               1561620           6735.9
10:14:05.618 INFO  ProgressMeter -       chr1:243093151            232.0               1563190           6737.8
10:14:15.634 INFO  ProgressMeter -       chr1:243389676            232.2               1565350           6742.3
10:14:25.662 INFO  ProgressMeter -       chr1:243779199            232.3               1568010           6748.9
10:14:35.677 INFO  ProgressMeter -       chr1:244180992            232.5               1570720           6755.7
10:14:45.694 INFO  ProgressMeter -       chr1:244459637            232.7               1572630           6759.1
10:14:55.853 INFO  ProgressMeter -       chr1:244676128            232.8               1574090           6760.4
10:15:05.858 INFO  ProgressMeter -       chr1:244860047            233.0               1575360           6761.0
10:15:15.885 INFO  ProgressMeter -       chr1:245258079            233.2               1578050           6767.7
10:15:25.890 INFO  ProgressMeter -       chr1:245606352            233.3               1580400           6773.0
10:15:35.899 INFO  ProgressMeter -       chr1:245828753            233.5               1581910           6774.6
10:15:45.905 INFO  ProgressMeter -       chr1:246062139            233.7               1583580           6776.9
10:15:56.582 INFO  ProgressMeter -       chr1:246361900            233.9               1585650           6780.6
10:16:08.793 INFO  ProgressMeter -       chr1:246514167            234.1               1586700           6779.2
10:16:18.813 INFO  ProgressMeter -       chr1:246565249            234.2               1587040           6775.8
10:16:29.181 INFO  ProgressMeter -       chr1:246755365            234.4               1588310           6776.2
10:16:39.204 INFO  ProgressMeter -       chr1:247020566            234.6               1590180           6779.4
10:16:49.901 INFO  ProgressMeter -       chr1:247110114            234.7               1590790           6776.8
10:17:02.080 INFO  ProgressMeter -       chr1:247230431            234.9               1591570           6774.3
10:17:12.194 INFO  ProgressMeter -       chr1:247251461            235.1               1591720           6770.1
10:17:22.204 INFO  ProgressMeter -       chr1:247472764            235.3               1593180           6771.5
10:17:32.244 INFO  ProgressMeter -       chr1:247672410            235.4               1594520           6772.4
10:17:42.476 INFO  ProgressMeter -       chr1:247912174            235.6               1596160           6774.4
10:17:52.564 INFO  ProgressMeter -       chr1:248226480            235.8               1598250           6778.4
10:18:02.661 INFO  ProgressMeter -       chr1:248586646            236.0               1600460           6783.0
10:18:12.692 INFO  ProgressMeter -       chr1:248799912            236.1               1601820           6783.9
10:18:24.510 INFO  ProgressMeter -       chr1:248937556            236.3               1602680           6781.9
10:18:27.937 INFO  HaplotypeCaller - 15081283 read(s) filtered by: MappingQualityReadFilter 
0 read(s) filtered by: MappingQualityAvailableReadFilter 
0 read(s) filtered by: MappedReadFilter 
0 read(s) filtered by: NotSecondaryAlignmentReadFilter 
964476 read(s) filtered by: NotDuplicateReadFilter 
0 read(s) filtered by: PassesVendorQualityCheckReadFilter 
0 read(s) filtered by: NonZeroReferenceLengthAlignmentReadFilter 
0 read(s) filtered by: GoodCigarReadFilter 
0 read(s) filtered by: WellformedReadFilter 
16045759 total reads filtered out of 32397490 reads processed
10:18:27.938 INFO  ProgressMeter -       chr1:248954261            236.4               1602767           6780.6
10:18:27.939 INFO  ProgressMeter - Traversal complete. Processed 1602767 total regions in 236.4 minutes.
10:18:28.098 INFO  VectorLoglessPairHMM - Time spent in setup for JNI call : 4.9292539810000005
10:18:28.099 INFO  PairHMM - Total compute time in PairHMM computeLogLikelihoods() : 1648.415494219
10:18:28.099 INFO  SmithWatermanAligner - Total compute time in native Smith-Waterman : 1529.18 sec
10:18:28.116 INFO  HaplotypeCaller - Shutting down engine
[May 22, 2026, 10:18:28 AM UTC] org.broadinstitute.hellbender.tools.walkers.haplotypecaller.HaplotypeCaller done. Elapsed time: 236.40 minutes.
Runtime.totalMemory()=639631360
